Kg;K;I0;I02;n;n2;Rp;Rs;Ki;Isc;Voc;ns;Error;Voc_flash;Isc_flash;ErrorI;ErrorPrI;ErrorImpp;ErrorVmpp;ErrorPmpp;errorPmppAbs;ErrorPmppSystematic;Kg15min;ModuleId;tempOffset;valid;Ios;Vos;Pmpp;Vmpp;Impp;Name;Date
1,1,1,1,1,1,1,1,1,0,554128050303857,0,8940969179009923,0,8987244312205792,0,9329706969401664,0,9361712825214368,0,9361712825214368,0,9361712825214368,0,9329706969401664,0,8637046906521844,0,7769520282038195,1,1,1,1,1;1;4,8e-10;0;1;1;545;0,505;0,0004;5,192;44,53;72;6,885409390522623;44,75;5,64;0,06757714128802075;-0,12744514487949887;2,3011813499331346;1,8681323988548806;2,6485185004465865;1,6308431246662718;0,046545846779068825;1,1,1,1,1,1,1,1,1,1,1,1,1,1,1,1,1,1,1,1,1,1,1,1,1,1,1,1,1,1,1,1,1,1,1,1,1,0,554128050303857,0,8085746040148108,0,8163493598226474,0,8940969179009923,0,9174478568710078,0,9365046768528186,0,9160075933594368,0,8987244312205792,0,9160075933594368,0,8987244312205793,0,9160075933594368,0,9329706969401664,0,9499338005208969,0,9329706969401665,0,9552347703898745,0,9541745764160798,0,9736181338222935,0,9736181338222935,0,9361712825214368,0,9548947081718652,0,9736181338222935,0,9361712825214368,0,9548947081718652,0,9361712825214368,1,0,992341559472722,0,9541745764160793,0,9548947081718652,0,9329706969401664,0,9329706969401665,0,9329706969401664,0,9160075933594368,0,9174478568710078,0,8990444897787061,0,8637046906521844,0,8085746040148108,0,7769520282038195,1,1,1,1,1,1,1,1,1,1,1,1,1,1,1,1,1,1,1,1,1,1;4e79bf2f27108;-12;true;5,187193516436426;42,712999999991155;169,0090546196931;34,800000000000225;4,856582029301495;String 1,11;29,10,2019
1,1,1,1,1,1,1,1,1,0,5725047458496473,0,8820813861979758,0,8987244312205791,0,9329706969401664,0,9499338005208969,0,9160075933594368,0,9499338005208969,0,9160075933594364,0,8637046906521852,0,8396736272461498,1,1,1,1,1;1;2,2000000000000002e-10;0;1;1;635;0,505;0,0004;5,192;44,53;72;6,706915651096464;44,75;5,64;0,06614329574723041;-0,1493046258454911;2,76804789719459;1,1943466381957877;2,678377819958857;1,4490429477526863;-0,19610172790190625;1,1,1,1,1,1,1,1,1,1,1,1,1,1,1,1,1,1,1,1,1,1,1,1,1,1,1,1,1,1,1,1,1,1,1,1,1,0,5725047458496473,0,8396736272461498,0,8085746040148108,0,8820813861979758,0,9361712825214368,0,9329706969401664,0,9499338005208969,0,8987244312205791,0,9361712825214368,0,8987244312205791,0,9174478568710078,0,9361712825214368,0,9499338005208969,0,9329706969401664,0,9541745764160788,0,9541745764160788,0,9541745764160792,0,9548947081718652,0,9499338005208969,0,9499338005208969,0,954174576416079,0,9160075933594368,0,9541745764160788,0,9499338005208969,0,9548947081718653,0,9827998137085625,0,9499338005208969,0,9499338005208969,0,9361712825214368,0,9361712825214368,0,9160075933594364,0,8990444897787062,0,8987244312205792,0,8778406103027923,0,8637046906521852,0,8396736272461498,0,8552231388618183,1,1,1,1,1,1,1,1,1,1,1,1,1,1,1,1,1,1,1,1,1,1;4e79bf2f27108;-12;true;5,187874209587566;44,15999999998778;176,26933589895415;36,200000000000244;4,869318671241794;Module 1,11_1;29,10,2019
1,1,1,1,1,1,1,1,1,3877787807814457e-16,0,4951305894224487,0,9174478568710078,0,8987244312205791,0,9160075933594368,0,9329706969401664,0,9174478568710078,0,9329706969401664,0,9174478568710078,0,8778406103027931,0,8238307286188645,1,1,1,1,1;1;1,8e-10;0;1;1;590;0,6040000000000001;0,0004;5,183;44,53;72;6,140159546124992;44,72;5,61;0,06748116408777768;-0,1480871340289751;2,347203941455696;1,2935325334137504;2,431941907167768;1,4750921082306048;-0,20397798710664453;1,1,1,1,1,1,1,1,1,1,1,1,1,1,1,1,1,1,1,1,1,1,1,1,1,1,1,1,1,1,1,1,1,3877787807814457e-16,1,1,1,1,0,4951305894224487,0,8396736272461496,0,823830728618865,0,9174478568710078,0,9361712825214368,0,9329706969401664,0,9541745764160788,0,8987244312205791,0,9361712825214368,0,8987244312205791,0,9350910848877589,0,9160075933594368,0,9541745764160788,0,9499338005208969,0,9548947081718652,0,9361712825214368,0,9548947081718652,0,9541745764160793,0,9329706969401664,0,9329706969401664,0,9499338005208969,0,9174478568710078,0,9329706969401664,0,9329706969401664,0,9499338005208969,0,9361712825214368,0,9361712825214368,0,9541745764160788,0,9329706969401664,0,9329706969401664,0,9174478568710078,0,9160075933594373,0,9160075933594373,0,8778406103027931,0,8940969179009923,0,8238307286188645,0,8552231388618183,1,1,1,1,1,1,1,1,1,1,1,1,1,1,1,1,1,1,1,1,1,1;4e79bf2f3c981;0;true;5,177699439100259;44,52599999998693;175,25714825393501;36,10000000000024;4,854768649693458;Module 1,11_2;29,10,2019
1,1,1,1,1,1,1,1,3877787807814457e-16,1,3877787807814457e-16,0,19231963137230504,0,8396736272461496,0,8637046906521844,0,8987244312205792,0,9361712825214368,0,9361712825214368,0,9548947081718652,0,9361712825214368,0,9329706969401664,0,8820813861979758,1,1,1,1,1;1;2,4e-10;0;1;1;410;0,6040000000000001;0,0004;5,222;44,53;72;8,214600899598132;44,56;5,74;0,0783379437554061;0,04194180583088114;2,6173893417390626;2,391561782528858;3,127311831574804;1,7491022406536871;-0,06855236626752344;1,1,1,1,1,1,1,1,1,1,1,1,1,1,1,1,1,1,1,1,1,1,1,1,1,1,1,1,1,1,1,3877787807814457e-16,1,3877787807814457e-16,1,3877787807814457e-16,1,1,1,0,19231963137230504,0,291199944802537,0,4580037966797186,0,44104069309898764,0,9174478568710078,0,9736181338222935,0,8396736272461496,0,9361712825214368,0,8778406103027923,0,8778406103027923,0,8637046906521844,0,8990444897787061,0,8987244312205792,0,9174478568710078,0,9174478568710078,0,9361712825214368,0,9361712825214368,0,9732580679444014,0,9736181338222935,0,9361712825214368,0,9361712825214368,0,9548947081718652,0,9541745764160788,0,9732580679444007,0,9548947081718652,0,9548947081718653,0,9736181338222936,0,9736181338222935,0,9736181338222935,0,9361712825214368,0,9548947081718652,0,9541745764160788,0,9329706969401664,0,9499338005208969,0,9361712825214368,0,9361712825214368,0,8820813861979758,0,9160075933594368,1,1,1,1,1,1,1,1,1,1,1,1,1,1,1,1,1,1,1,1,1,1;4e79bf2f5a76c;0;true;5,2143184176443595;43,995999999988165;173,044754224537;35,600000000000236;4,8608077029364;Module 1,11_3;29,10,2019
1,1,1,1,1,1,1,1,1,0,5145474752821526,0,8772271647330487,0,8987244312205792,0,9329706969401664,0,9361712825214368,0,9361712825214368,0,9548947081718652,0,9361712825214368,0,9160075933594368,0,8637046906521844,1,1,1,1,1;1;1,6000000000000002e-10;0;1;1;455;0,802;0,0004;5,225;44,53;72;6,150975842159233;44,4;5,75;0,06965216580108796;-0,10748033919355215;2,164075494066674;1,6756579744901776;2,2415902078012935;1,571579018834553;-0,08809788407493784;1,1,1,1,1,1,1,1,1,1,1,1,1,1,1,1,1,1,1,1,1,1,1,1,1,1,1,1,1,1,1,1,1,1,1,1,1,0,5145474752821526,0,8396736272461498,0,7489370260171492,0,8772271647330487,0,9174478568710078,0,935091084887758,0,9160075933594368,0,8987244312205792,0,9174478568710078,0,9160075933594373,0,9174478568710078,0,9350910848877589,0,9499338005208969,0,9329706969401664,0,95417457641608,0,9361712825214368,0,9548947081718652,0,9548947081718653,0,9361712825214368,0,9361712825214368,0,9548947081718652,0,9499338005208969,0,9548947081718653,0,9548947081718652,0,9548947081718652,0,9736181338222936,0,9548947081718653,0,9736181338222935,0,9361712825214368,0,9361712825214368,0,9499338005208969,0,9329706969401664,0,9329706969401664,0,9174478568710078,0,9160075933594368,0,8637046906521844,0,8778406103027923,1,1,1,1,1,1,1,1,1,1,1,1,1,1,1,1,1,1,1,1,1,1;4e79bf2f6fda4;0;true;5,215806423346824;44,74999999998641;172,3579929886369;35,500000000000234;4,855154732074247;Module 1,11_4;29,10,2019
1,1,1,1,1,1,1,1,1,0,6106717289062905,0,9361712825214368,0,9174478568710078,0,9336231240009646,0,954174576416079,0,9160075933594368,0,9361712825214368,0,8396736272461499,0,7489370260171496,0,7211986176461439,1,1,1,1,1;1;1,8e-10;0;1;1;500;0,6040000000000001;0,0004;5,198;44,53;72;5,983363769724632;44,81;5,66;0,06942462699560166;-0,16086478467316123;2,312644927044823;1,3302645293403443;2,271029686343863;1,4894107829576058;-0,023643534799798686;1,1,1,1,1,1,1,1,1,1,1,1,1,1,1,1,1,1,1,1,1,1,1,1,1,1,1,1,1,1,1,1,1,1,1,1,1,0,6106717289062905,0,8778406103027931,0,8612775799197209,0,9361712825214368,0,9541745764160788,0,9541745764160788,0,9361712825214368,0,9350910848877589,0,9329706969401664,0,9174478568710078,0,9361712825214367,0,9336231240009646,0,9361712825214368,0,9541745764160788,0,9555749537126624,0,9541745764160798,0,9732580679444007,0,9548947081718653,0,954174576416079,0,9541745764160788,0,9361712825214368,0,9160075933594368,0,9361712825214368,0,9541745764160788,0,9361712825214368,0,9923415594727222,0,9499338005208969,0,9541745764160788,0,9361712825214368,0,9160075933594373,0,8396736272461499,0,7766754343881541,0,7489370260171496,0,7489370260171496,0,7718212129232287,0,7211986176461439,0,9329706969401664,1,1,1,1,1,1,1,1,1,1,1,1,1,1,1,1,1,1,1,1,1,1;4e79bf2f90d12;0;true;5,191728391302842;44,52599999998693;175,35984387245466;36,10000000000024;4,857613403669071;Module 1,11_5;29,10,2019
1,1,1,1,1,1,1,1,1,0,5725047458496473,0,8940969179009923,0,8987244312205792,0,9361712825214368,0,9361712825214368,0,9329706969401665,0,9174478568710078,0,9329706969401664,0,8778406103027931,0,8396736272461496,1,1,1,1,1;1;1,4e-10;0;1;1;590;0,901;0,0004;5,198;44,53;72;5,7425795018896295;44,78;5,66;0,06511417914954519;-0,0862616396860525;2,215784184068377;1,286244669088855;2,175436469582851;1,320729601304313;-0,009904456181319432;1,1,1,1,1,1,1,1,1,1,1,1,1,1,1,1,1,1,1,1,1,1,1,1,1,1,1,1,1,1,1,1,1,1,1,1,1,0,5725047458496473,0,8396736272461496,0,8085746040148108,0,8940969179009923,0,9160075933594364,0,9174478568710078,0,9361712825214368,0,8987244312205792,0,9174478568710078,0,9160075933594373,0,9174478568710078,0,9361712825214368,0,9541745764160788,0,9499338005208969,0,9548947081718652,0,9361712825214368,0,9736181338222935,0,9736181338222935,0,9361712825214368,0,9361712825214368,0,9548947081718652,0,9329706969401665,0,9548947081718652,0,9361712825214368,0,9174478568710078,0,9736181338222935,0,954174576416079,0,9361712825214368,0,9336231240009646,0,9329706969401664,0,9361712825214368,0,9160075933594373,0,9160075933594373,0,8778406103027931,0,8940969179009923,0,8396736272461496,0,8396736272461498,1,1,1,1,1,1,1,1,1,1,1,1,1,1,1,1,1,1,1,1,1,1;4e79bf2fa6902;-9;true;5,190074139404052;44,995999999985834;170,98925961379456;35,30000000000023;4,843888374328426;Module 1,11_6;29,10,2019
1,1,1,1,1,1,1,1,1,0,5991496208137204,0,8987244312205792,0,8987244312205791,0,9329706969401665,0,9361712825214368,0,9329706969401664,0,9361712825214368,0,9329706969401664,0,8778406103027931,0,8396736272461497,1,1,1,1,1;1;1,8e-10;0;1;1;545;0,7030000000000001;0,0004;5,192;44,53;72;6,777019987770388;44,58;5,64;0,06528476850140906;-0,13162371686730934;2,883748548368761;1,235188329255064;2,592798341645154;1,4738760666786106;0,04779325958466913;1,1,1,1,1,1,1,1,1,1,1,1,1,1,1,1,1,1,1,1,1,1,1,1,1,1,1,1,1,1,1,1,1,1,1,1,1,0,5991496208137204,0,8612775799197209,0,8238307286188645,0,8987244312205792,0,9160075933594368,0,9329706969401664,0,9499338005208969,0,8987244312205791,0,9361712825214368,0,9160075933594364,0,9350910848877589,0,9361712825214368,0,9541745764160788,0,9329706969401665,0,9541745764160793,0,9361712825214368,0,9548947081718652,0,9548947081718652,0,954174576416079,0,9541745764160788,0,9361712825214368,0,9329706969401664,0,9361712825214368,0,9361712825214368,0,9499338005208969,0,9736181338222935,0,9361712825214368,0,9361712825214368,0,9329706969401664,0,9329706969401664,0,9361712825214368,0,9160075933594373,0,9160075933594373,0,8778406103027931,0,8940969179009923,0,8552231388618183,0,8396736272461497,1,1,1,1,1,1,1,1,1,1,1,1,1,1,1,1,1,1,1,1,1,1;4e79bf2fbc4f5;0;true;5,18531142286982;44,52699999998693;173,0467743326575;35,70000000000024;4,847248580746676;Module 1,11_7;29,10,2019
1,1,1,1,1,1,1,1,1,0,6365964721145767,0,9336231240009646,0,9160075933594368,0,9329706969401664,0,9361712825214368,0,9361712825214368,0,9736181338222935,0,9736181338222935,0,9736181338222936,0,9736181338222936,1,1,1,1,1;1;4,4000000000000003e-10;0;1;1;320;0,30700000000000005;0,0004;5,207;44,53;72;12,561041453090088;44,53;5,69;0,12077058811441542;-0,03226010104984489;3,8827761026511096;3,733167336766758;4,824327425557804;2,6596744236231196;0,20104988194237422;1,1,1,1,1,1,1,1,1,1,1,1,1,1,1,1,1,1,1,1,1,1,1,1,1,1,1,1,1,1,1,1,1,1,1,1,1,0,6365964721145767,0,8778406103027923,0,8940969179009923,0,9336231240009646,0,9499338005208969,0,9541745764160788,0,9361712825214368,0,9174478568710078,0,9160075933594368,0,9174478568710078,0,9361712825214368,0,9361712825214367,0,9499338005208969,0,9329706969401664,0,9361712825214368,0,9365046768528187,0,9548947081718652,0,9548947081718652,0,9361712825214368,0,9361712825214368,0,9548947081718652,0,9541745764160788,0,9736181338222935,0,9736181338222935,1,0,9923415594727225,0,9923415594727222,0,992341559472722,0,9736181338222935,0,9736181338222936,0,992341559472722,0,9736181338222936,0,9923415594727224,0,9736181338222936,0,9923415594727222,0,9736181338222936,1,1,1,1,1,1,1,1,1,1,1,1,1,1,1,1,1,1,1,1,1,1,1;4e79bf2fcca71;0;true;5,202009321703791;42,85999999999081;173,31375014358926;35,80000000000024;4,841166205128159;Module 1,11_8;29,10,2019
1,1,1,1,1,1,1,1,1,0,5530611884434338,0,8778406103027923,0,8778406103027931,0,9163338068898361,0,9329706969401664,0,9329706969401664,0,950912441112093,0,9160075933594368,0,8778406103027931,0,8396736272461499,1,1,1,1,1;1;1,8e-10;0;1;1;545;0,7030000000000001;0,0004;5,288;44,53;72;8,564522560415716;44,53;5,72;0,09670983448323749;-0,12796614123910466;3,537425984818323;1,539408182014457;3,3909785590996986;2,1203523445704424;-0,3154260822679138;1,1,1,1,1,1,1,1,1,1,1,1,1,1,1,1,1,1,1,1,1,1,1,1,1,1,1,1,1,1,1,1,1,1,1,1,1,0,5530611884434338,0,8396736272461508,0,8238307286188645,0,8778406103027923,0,9163338068898349,0,9160075933594373,0,9160075933594368,0,8778406103027931,0,9160075933594373,0,8820813861979758,0,9160075933594357,0,9163338068898361,0,9361712825214368,0,9174478568710078,0,9333029514618689,0,9329706969401664,0,9541745764160788,0,9541745764160788,0,9329706969401664,0,9329706969401664,0,9541745764160788,0,9361712825214368,0,9541745764160788,0,950912441112093,0,9736181338222935,0,9736181338222935,0,9541745764160788,0,9541745764160788,0,9361712825214368,0,9160075933594368,0,9174478568710078,0,9160075933594373,0,9160075933594373,0,8820813861979766,0,8778406103027931,0,8396736272461499,0,8778406103027923,1,1,1,1,1,1,1,1,1,1,1,1,1,1,1,1,1,1,1,1,1,1;4e79bf2fe2028;0;true;5,28118775115441;44,56099999998685;176,1433836459462;35,70000000000024;4,933988337421429;Module 1,11_9;29,10,2019
1,1,1,1,1,1,1,1,1,0,563089689931413,0,8637046906521844,0,8990444897787062,0,9174478568710078,0,9361712825214368,0,9361712825214368,0,9499338005208969,0,9329706969401664,0,8987244312205792,0,8396736272461499,1,1,1,1,1;1;1e-10;0;1;1;590;0,901;0,0004;5,195;44,53;72;7,145466437829692;44,71;5,65;0,0753621305953823;-0,08554735939379587;2,4566539178482136;2,093748358848676;2,5197020305374203;1,6507983969021038;-0,050719572565136414;1,1,1,1,1,1,1,1,1,1,1,1,1,1,1,1,1,1,1,1,1,1,1,1,1,1,1,1,1,1,1,1,1,1,1,1,1,0,563089689931413,0,8396736272461498,0,8163493598226474,0,8637046906521844,0,8987244312205791,0,9160075933594368,0,9188347772895579,0,8990444897787062,0,9160075933594364,0,9160075933594373,0,9160075933594364,0,9174478568710078,0,9499338005208969,0,9329706969401664,0,9361712825214368,0,9361712825214368,0,9548947081718652,0,9736181338222935,0,9541745764160798,0,9361712825214368,0,9548947081718652,0,9541745764160788,0,9548947081718653,0,9548947081718652,0,9499338005208969,0,9736181338222935,0,9548947081718652,0,9732580679444007,0,9541745764160788,0,9541745764160788,0,9329706969401664,0,9174478568710078,0,9174478568710078,0,9160075933594373,0,8987244312205792,0,8612775799197205,0,8396736272461499,1,1,1,1,1,1,1,1,1,1,1,1,1,1,1,1,1,1,1,1,1,1;4e79bf300398b;0;true;5,187078714236518;45,61699999998439;173,87810174559866;35,90000000000024;4,8434011628300135;Module 1,11_10;29,10,2019
1,1,1,1,1,1,1,1,1,0,3392620716146063,0,8778406103027931,0,9160075933594357,0,9361712825214368,0,9361712825214368,0,9329706969401664,0,9160075933594367,0,9160075933594368,0,8396736272461499,0,8238307286188645,1,1,1,1,1;1;6,000000000000001e-11;0;1;1;635;1;0,0004;5,201;44,53;72;6,266440437917165;45,24;5,78;0,06144276868989071;-0,13646321991346122;2,5209494625985562;1,2942019962514109;2,3898462103773066;1,366757247503616;0,0008546571897026212;1,1,1,1,1,1,1,1,1,1,1,1,1,1,1,1,1,1,1,1,1,1,1,1,1,1,1,1,1,1,1,1,1,1,1,1,0,3392620716146063,0,5145474752821526,0,8552231388618183,0,8396736272461498,0,8778406103027931,0,9160075933594364,0,9350910848877589,0,9160075933594368,0,9160075933594357,0,9174478568710078,0,9160075933594373,0,917774583315762,0,9361712825214368,0,9541745764160788,0,9499338005208969,0,9541745764160792,0,9361712825214368,0,9548947081718652,0,9548947081718652,0,9365046768528187,0,9541745764160788,0,9548947081718652,0,9329706969401664,0,9541745764160793,0,9365046768528187,0,9160075933594367,0,9736181338222936,0,9541745764160788,0,9541745764160788,0,9160075933594368,0,9160075933594368,0,9174478568710078,0,9160075933594373,0,8637046906521844,0,8396736272461499,0,8947221605009229,0,8241241156304803,0,8238307286188645,1,1,1,1,1,1,1,1,1,1,1,1,1,1,1,1,1,1,1,1,1,1;4e79bf3019c09;0;true;5,192822326111885;46,56499999998218;176,4249193236949;36,300000000000246;4,860190614977788;Module 1,11_11;29,10,2019
1,1,1,1,1,1,1,1,1,0,6361163842773865,0,8820813861979758,0,8987244312205791,0,9329706969401664,0,9361712825214368,0,9329706969401664,0,8552231388618183,0,8396736272461496,0,845327995106392,0,8396736272461498,1,1,1,1,1;1;1,4e-10;0;1;1;455;1;0,0004;5,252;44,53;72;8,130952708313783;44,74;5,63;0,07867213398565309;-0,1479438308264518;2,9501636486438683;2,0399924647127543;3,062124460971508;1,9178879699944347;-0,298385777122868;1,1,1,1,1,1,1,1,1,1,1,1,1,1,1,1,1,1,1,1,1,1,1,1,1,1,1,1,1,1,1,1,1,1,1,1,1,0,6361163842773865,0,8637046906521844,0,8396736272461496,0,8987244312205792,0,9174478568710078,0,8820813861979758,0,9329706969401664,0,9160075933594373,0,9365046768528186,0,8987244312205791,0,9174478568710078,0,9329706969401664,0,9541745764160788,0,9499338005208969,0,9548947081718652,0,9365046768528187,0,9548947081718652,0,9736181338222935,0,9361712825214368,0,9548947081718652,0,9548947081718652,0,9329706969401664,0,9541745764160798,0,9499338005208969,0,9361712825214368,0,8612775799197209,0,8552231388618183,0,845327995106392,0,8396736272461496,0,8612775799197209,0,8775395675694926,0,8778406103027923,0,845327995106392,0,845327995106392,0,8778406103027923,0,8396736272461498,0,8396736272461499,1,1,1,1,1,1,1,1,1,1,1,1,1,1,1,1,1,1,1,1,1,1;4e79bf302f826;0;true;5,240482453906336;45,00699999998581;169,68906987843607;34,900000000000226;4,862150999382091;Module 1,11_12;29,10,2019
1,1,1,1,1,1,1,1,1,0,5880542574653176,0,8393856733273409,0,8987244312205792,0,9361712825214368,0,9541745764160793,0,9361712825214368,0,9548947081718652,0,9160075933594368,0,8987244312205792,0,845327995106392,1,1,1,1,1;1;2,2000000000000002e-10;0;1;1;545;0,802;0,0004;5,195;44,53;72;6,706786939442718;44,83;5,65;0,08131484161405256;-0,15816069975728175;2,1777348367340443;1,9975248145748075;2,4502124465198136;1,752661487244739;-0,17193592243341257;1,1,1,1,1,1,1,1,1,1,1,1,1,1,1,1,1,1,1,1,1,1,1,1,1,1,1,1,1,1,1,1,1,1,1,1,1,0,5880542574653176,0,7489370260171492,0,8396736272461496,0,8393856733273409,0,9160075933594367,0,9160075933594368,0,9160075933594368,0,8987244312205792,0,9174478568710078,0,9160075933594373,0,9160075933594368,0,9361712825214368,0,9499338005208969,0,9499338005208969,0,9541745764160792,0,9541745764160793,0,9736181338222935,0,9548947081718653,0,9548947081718652,0,9361712825214368,0,9548947081718652,0,9541745764160788,0,9736181338222935,0,9548947081718652,0,992341559472722,1,0,9548947081718652,0,9548947081718652,0,9499338005208969,0,9329706969401664,0,9160075933594368,0,9160075933594364,0,9174478568710078,0,9160075933594373,0,8987244312205792,0,845327995106392,0,8637046906521844,1,1,1,1,1,1,1,1,1,1,1,1,1,1,1,1,1,1,1,1,1,1;4e79bf304d694;0;true;5,187366479022852;44,15699999998779;169,04280882466557;34,900000000000226;4,843633490678065;Module 1,11_13;29,10,2019
1,1,1,1,1,1,1,1,1,0,524255918212005,0,8778406103027923,0,9160075933594373,0,9160075933594368,0,9361712825214368,0,935091084887758,0,9174478568710078,0,8637046906521844,0,8015066441895077,0,7863838773180071,1,1,1,1,1;1;1,4e-10;0;1;1;635;0,802;0,0004;5,195;44,53;72;7,439786146715082;44,86;5,65;0,0746997796416054;-0,13803956283782726;3,110431309931913;1,6527821301978236;2,6018729269437393;1,6049201210623476;-0,28129456431990296;1,1,1,1,1,1,1,1,1,1,1,1,1,1,1,1,1,1,1,1,1,1,1,1,1,1,1,1,1,1,1,1,1,1,1,1,1,0,524255918212005,0,8396736272461498,0,8238307286188645,0,8987244312205792,0,8778406103027923,0,9174478568710078,0,9329706969401664,0,9160075933594373,0,9361712825214368,0,9160075933594373,0,9174478568710078,0,9160075933594368,0,9541745764160788,0,9329706969401664,0,9365046768528187,0,9541745764160788,0,9361712825214368,0,9545143821769115,0,9499338005208969,0,9499338005208969,0,9361712825214368,0,935091084887758,0,9512510851438285,0,9329706969401664,0,9174478568710078,0,9923415594727227,0,9174478568710078,0,9160075933594373,0,8987244312205792,0,8637046906521844,0,8637046906521844,0,8085746040148108,0,8015066441895077,0,8085746040148108,0,845327995106392,0,8015066441895062,0,7863838773180071,1,1,1,1,1,1,1,1,1,1,1,1,1,1,1,1,1,1,1,1,1,1;4e79bf3063277;0;true;5,1884470310663025;44,99699999998583;173,37161523805497;35,70000000000024;4,856347765771815;Module 1,11_14;29,10,2019
1,1,1,1,1,1,1,1,1,0,54281931458337,0,8396736272461499,0,8987244312205792,0,9361712825214368,0,9361712825214368,0,9174478568710078,0,9160075933594368,0,845327995106392,0,7350678218316462,0,7350678218316463,1,1,1,1,1;1;3,4e-10;0;1;1;770;0,6040000000000001;0,0004;5,192;44,53;72;7,18588884874792;44,86;5,64;0,07315895098890167;-0,1318134037899481;2,4279452498973675;1,8525950086949092;2,832189639166742;1,813010388387296;-0,14400582192801117;1,1,1,1,1,1,1,1,1,1,1,1,1,1,1,1,1,1,1,1,1,1,1,1,1,1,1,1,1,1,1,1,1,1,1,1,1,0,54281931458337,0,8612775799197209,0,7774755807834712,0,8396736272461499,0,8820813861979758,0,8778406103027923,0,9361712825214368,0,9160075933594368,0,9354240945333735,0,8987244312205792,0,9163338068898348,0,9361712825214368,0,9499338005208969,0,9499338005208969,0,9361712825214368,0,9361712825214368,0,9541745764160793,0,9548947081718652,0,9541745764160788,0,9499338005208969,0,9541745764160788,0,9174478568710078,0,9541745764160788,0,9499338005208969,0,9732580679444007,0,9827998137085625,0,9160075933594368,0,9329706969401664,0,9350910848877589,0,8820813861979758,0,845327995106392,0,7489370260171492,0,7774755807834712,0,7350678218316462,0,8396736272461498,0,7350678218316463,0,8778406103027923,1,1,1,1,1,1,1,1,1,1,1,1,1,1,1,1,1,1,1,1,1,1;4e79bf3073777;0;true;5,187930504951358;43,35899999998965;170,39284519712336;35,00000000000023;4,868367005632065;Module 1,11_15;29,10,2019
1,1,1,1,1,1,1,1,1,0,5991496208137191,0,9160075933594357,0,8987244312205791,0,9160075933594368,0,9361712825214368,0,9329706969401664,0,9361712825214368,0,9329706969401664,0,8781532316027582,0,8396736272461499,1,1,1,1,1;1;1,8e-10;0;1;1;545;0,6040000000000001;0,0004;5,186;44,53;72;6,810999217435219;44,75;5,62;0,06402918925619591;-0,15707348101989016;2,8461086197149785;1,1156787959124874;2,7851826125515577;1,4556631634513695;0,0031532130141591354;1,1,1,1,1,1,1,1,1,1,1,1,1,1,1,1,1,1,1,1,1,1,1,1,1,1,1,1,1,1,1,1,1,1,1,1,1,0,5991496208137191,0,8778406103027923,0,8396736272461496,0,9160075933594357,0,9160075933594368,0,9329706969401664,0,9499338005208969,0,8987244312205791,0,9361712825214368,0,9160075933594364,0,9188347772895579,0,9160075933594368,0,9541745764160788,0,9512510851438285,0,9541745764160793,0,9361712825214368,0,9548947081718652,0,9548947081718652,0,9541745764160788,0,9541745764160788,0,9361712825214368,0,9329706969401664,0,9361712825214368,0,9541745764160788,0,9361712825214368,0,9736181338222935,0,9541745764160788,0,9541745764160788,0,9336231240009645,0,9329706969401664,0,9361712825214368,0,9160075933594373,0,9160075933594373,0,8820813861979758,0,8781532316027582,0,8552231388618183,0,8396736272461499,1,1,1,1,1,1,1,1,1,1,1,1,1,1,1,1,1,1,1,1,1,1;4e79bf3086891;-7,5;true;5,180258941587202;44,52499999998693;175,1753357634012;36,10000000000024;4,852502375717452;Module 1,11_16;29,10,2019
1,1,1,1,1,1,1,1,1,0,648580285325337,0,9174478568710078,0,8987244312205791,0,9160075933594368,0,9361712825214368,0,9329706969401664,0,9329706969401664,0,9329706969401664,0,8820813861979766,0,8396736272461499,1,1,1,1,1;1;1,6000000000000002e-10;0;1;1;455;0,7030000000000001;0,0004;5,195;44,53;72;6,76017052420612;44,86;5,65;0,06325820955059291;-0,1328772829341469;2,9961950713866625;1,0019376781933744;2,6987795650754896;1,3104396363471609;-0,05125971682846206;1,1,1,1,1,1,1,1,1,1,1,1,1,1,1,1,1,1,1,1,1,1,1,1,1,1,1,1,1,1,1,1,1,1,1,1,1,0,648580285325337,0,8778406103027931,0,845327995106392,0,9174478568710078,0,9329706969401664,0,9499338005208969,0,9541745764160788,0,8987244312205791,0,9361712825214368,0,9160075933594368,0,9361712825214368,0,9160075933594368,0,9541745764160788,0,9499338005208969,0,9552347703898743,0,9361712825214368,0,9548947081718653,0,9548947081718652,0,9361712825214368,0,9541745764160788,0,9361712825214368,0,9329706969401664,0,9361712825214368,0,9361712825214368,0,9329706969401664,0,9923415594727225,0,9361712825214368,0,9361712825214368,0,9329706969401664,0,9499338005208969,0,9361712825214367,0,9160075933594364,0,9160075933594364,0,8990444897787059,0,8820813861979766,0,8396736272461499,0,845327995106392,1,1,1,1,1,1,1,1,1,1,1,1,1,1,1,1,1,1,1,1,1,1;4e79bf309c430;0;true;5,186985820918887;44,73999999998643;173,7234157423384;35,90000000000024;4,8390923605107865;Module 1,11_17;29,10,2019
1,1,1,1,1,1,1,1,1,0,5991496208137195,0,9160075933594368,0,8987244312205791,0,9329706969401664,0,9361712825214368,0,9160075933594368,0,9499338005208969,0,8987244312205791,0,8615843027045925,0,8241241156304803,1,1,1,1,1;1;2,0000000000000003e-10;0;1;1;635;0,6040000000000001;0,0004;5,186;44,53;72;6,626909005907975;44,75;5,62;0,06806549257227577;-0,14515125794109474;2,67902320780392;1,3288395958150288;2,5509807097167503;1,392654321023234;-0,12452864237530008;1,1,1,1,1,1,1,1,1,1,1,1,1,1,1,1,1,1,1,1,1,1,1,1,1,1,1,1,1,1,1,1,1,1,1,1,1,0,5991496208137195,0,8803143962416502,0,8396736272461499,0,9160075933594373,0,9361712825214368,0,9160075933594368,0,9499338005208969,0,8990444897787068,0,9361712825214368,0,8987244312205791,0,9365046768528186,0,9361712825214368,0,9499338005208969,0,9329706969401664,0,9361712825214368,0,9361712825214368,0,9548947081718652,0,95417457641608,0,9365046768528187,0,9499338005208969,0,9361712825214368,0,9160075933594368,0,9361712825214368,0,9541745764160788,0,9732580679444007,1,0,9499338005208969,0,9499338005208969,0,9174478568710078,0,8987244312205791,0,9160075933594373,0,8940969179009923,0,8637046906521844,0,8637046906521844,0,8615843027045925,0,8241241156304803,0,8396736272461498,1,1,1,1,1,1,1,1,1,1,1,1,1,1,1,1,1,1,1,1,1,1;4e79bf30b2026;0;true;5,181071861469769;44,33399999998738;174,57537501899185;36,00000000000024;4,849315972749741;Module 1,11_18;29,10,2019
