date;V;I;T;G;Tamb;Name;G_orig;Pmax;V_sim;I_sim;Pmax_sim;deviation
05,11.2019 14:14:22;35.5;1.43;294.5;298.7493631847633;285.68;Module 1,7_1;322.08;50,77;34,50;1,30;44,70;6,07
05,11.2019 14:16:17;35.6;1.74;294.5;358.54978922509014;285.77;Module 1,7_1;386.55;61,94;34,80;1,60;55,61;6,33
05,11.2019 14:24:03;35.4;1.64;295;337.15897167508376;286.14;Module 1,7_1;363.51;58,06;34,62;1,49;51,59;6,47
05,11.2019 14:26:02;35.6;1.67;296.5;339.52268055750505;286.4;Module 1,7_1;366.07;59,45;34,36;1,50;51,68;7,77
05,11.2019 14:27:57;36.2;2.71;296.5;572.1877429781848;286.8;Module 1,7_1;616.95;98,10;35,01;2,68;93,95;4,15
05,11.2019 14:29:49;36;3.65;296.5;752.3587094405057;287.39;Module 1,7_1;811.25;131,40;35,17;3,60;126,60;4,80
05,11.2019 14:31:44;35;3.68;296.5;757.8576140399439;288.47;Module 1,7_1;817.22;128,80;35,17;3,63;127,59;1,21
05,11.2019 14:51:26;36.1;2.17;296.5;500.4621570309419;286.51;Module 1,7_1;540.15;78,34;34,88;2,32;80,91;-2,57
05,11.2019 14:53:18;36.1;3.17;296.5;730.3163873313081;287.1;Module 1,7_1;788.33;114,44;35,16;3,49;122,62;-8,18
05,11.2019 14:55:11;35.6;1.51;298.5;320.11551349201005;287.85;Module 1,7_1;345.59;53,76;33,90;1,41;47,75;6,01
05,11.2019 14:57:05;35.4;1.59;298.5;459.9571528287612;288.01;Module 1,7_1;496.63;56,29;34,42;2,12;72,86;-16,58
05,11.2019 14:58:57;35.3;1.41;298.5;298.6605544546761;288.14;Module 1,7_1;322.52;49,77;33,77;1,30;43,91;5,86
05,11.2019 15:00:50;35.3;1.52;298.5;365.0092721502093;288.31;Module 1,7_1;394.23;53,66;34,11;1,64;55,79;-2,13
05,11.2019 15:02:45;35;1.61;298.5;331.7711147649545;288.47;Module 1,7_1;358.39;56,35;33,96;1,47;49,83;6,52
05,11.2019 15:05:19;35.1;2.07;299;374.3413492937648;288.92;Module 1,7_1;404.47;72,66;34,05;1,68;57,33;15,32
05,11.2019 15:07:12;35.1;2.14;299;414.5448678957123;289;Module 1,7_1;447.99;75,11;34,20;1,89;64,54;10,57
05,11.2019 15:09:07;34.9;1.82;299;367.0969282181487;289.1;Module 1,7_1;396.79;63,52;34,03;1,65;56,04;7,48
05,11.2019 15:11:00;35.3;3.48;299;733.6797025014743;289.59;Module 1,7_1;793.18;122,84;34,71;3,51;121,76;1,09
05,11.2019 15:12:53;34.4;2.32;299;452.1789598672285;290.22;Module 1,7_1;488.95;79,81;34,31;2,08;71,29;8,51
05,11.2019 15:14:46;34.7;3.05;300.5;644.4270157532834;290.67;Module 1,7_1;696.98;105,84;34,38;3,06;105,04;0,80
05,11.2019 15:16:38;33.9;2.84;300.5;608.7333419198874;291.04;Module 1,7_1;658.52;96,28;34,34;2,87;98,69;-2,41
05,11.2019 15:37:43;35.8;1.81;299;596.8448083533895;287.26;Module 1,7_1;647.67;64,80;34,59;2,81;97,27;-32,47
05,11.2019 15:39:36;35;1.25;299;339.58686312169766;287.93;Module 1,7_1;368.63;43,75;33,91;1,51;51,12;-7,37
05,11.2019 16:23:27;35.4;0.99;292;302.9900659721303;285.44;Module 1,7_1;332.79;35,05;34,98;1,31;45,95;-10,90
05,11.2019 16:25:20;35.8;1.76;292;430.87431818568876;285.92;Module 1,7_1;473.59;63,01;35,52;1,96;69,64;-6,63
05,11.2019 16:27:14;35.8;2.13;292;393.31654282500614;286.6;Module 1,7_1;432.63;76,25;35,40;1,77;62,67;13,59
05,11.2019 16:29:07;33.1;2.04;292;404.6461343861422;287.34;Module 1,7_1;445.43;67,52;35,44;1,83;64,77;2,76
05,11.2019 16:30:59;32.6;2.03;292;429.89419335809833;287.94;Module 1,7_1;473.59;66,18;35,52;1,96;69,46;-3,28
05,11.2019 16:32:52;32.6;2.07;292;413.29391142760545;288.64;Module 1,7_1;455.67;67,48;35,46;1,87;66,37;1,11
05,11.2019 16:34:44;32.5;1.47;294.5;295.61124025851365;288.98;Module 1,7_1;326.19;47,77;34,48;1,28;44,12;3,65
05,11.2019 16:36:37;32.2;1.46;294.5;299.01568412718143;289.25;Module 1,7_1;330.23;47,01;34,50;1,30;44,74;2,27
06,11.2019 10:56:03;38.5;1.33;286.9;338.0979912473063;281.02;Module 1,7_1;381.43;51,21;36,09;1,48;53,55;-2,35
06,11.2019 10:57:56;36.8;1.8;288.4;365.75817639763073;281.54;Module 1,7_1;412.15;66,24;35,94;1,63;58,44;7,80
06,11.2019 11:06:09;38.4;1.49;290.4;296.75062789671273;282.07;Module 1,7_1;332.79;57,22;35,23;1,28;45,09;12,12
06,11.2019 11:58:25;37;2.81;291;517.5928520812957;282.63;Module 1,7_1;568.31;103,97;35,90;2,40;86,14;17,83
06,11.2019 12:00:18;37.1;2.53;291;559.862571946739;283.43;Module 1,7_1;614.39;93,86;35,97;2,61;94,04;-0,18
06,11.2019 12:12:12;34.3;2.25;292;463.3390504583559;283.46;Module 1,7_1;506.87;77,17;35,60;2,13;75,67;1,50
06,11.2019 14:35:47;36.5;1.75;291;350.9689464031732;283.26;Module 1,7_1;378.87;63,88;35,41;1,55;55,05;8,83
06,11.2019 14:37:30;36.7;3.51;291;694.00023655664;283.82;Module 1,7_1;749.22;128,82;36,12;3,30;119,04;9,78
06,11.2019 14:39:22;36.2;3.37;292;698.6335864598898;284.69;Module 1,7_1;754.28;121,99;35,95;3,32;119,36;2,64
06,11.2019 14:41:26;36;3.21;292;682.6947454512567;285.42;Module 1,7_1;737.14;115,56;35,93;3,24;116,41;-0,85
06,11.2019 14:43:19;35.7;1.31;294.5;329.5181643312781;285.73;Module 1,7_1;355.83;46,77;34,67;1,45;50,31;-3,54
06,11.2019 14:45:12;35.8;3.23;294.5;676.879610874422;285.94;Module 1,7_1;731;115,63;35,48;3,21;114,01;1,62
06,11.2019 14:47:05;35.3;2.93;294.5;659.7260948668343;286.38;Module 1,7_1;712.55;103,43;35,47;3,13;110,87;-7,44
06,11.2019 14:49:03;33.9;2.39;296.5;497.6780717980172;286.46;Module 1,7_1;537.59;81,02;34,88;2,31;80,40;0,62
06,11.2019 15:15:48;34;1.79;292;352.2618303723855;283.58;Module 1,7_1;381.43;60,86;35,23;1,56;55,05;5,81
06,11.2019 15:19:06;36.1;2.66;292;458.46364431621475;284.57;Module 1,7_1;496.63;96,03;35,59;2,10;74,77;21,26
06,11.2019 15:20:59;35.8;1.36;294.5;318.95227772875614;284.82;Module 1,7_1;345.59;48,69;34,62;1,40;48,38;0,31
06,11.2019 15:22:56;36.3;2;294.5;418.07361446272336;285.39;Module 1,7_1;453.11;72,60;35,02;1,90;66,52;6,08
06,11.2019 15:59:24;34.8;0.83;290.4;293.0944275441059;283.96;Module 1,7_1;319.92;28,88;35,21;1,26;44,41;-15,53
07,11.2019 10:41:13;40.4;0.5;288.4;291.41217148294623;282.42;Module 1,7_1;332.79;20,20;35,55;1,25;44,46;-24,26
07,11.2019 10:43:06;40.4;0.85;290.4;287.14341394453396;282.63;Module 1,7_1;327.43;34,34;35,17;1,23;43,31;-8,97
07,11.2019 10:45:02;38.9;1.31;290.4;294.52375566462786;282.82;Module 1,7_1;335.35;50,96;35,22;1,27;44,68;6,28
07,11.2019 10:46:45;38.4;1.31;290.4;292.64893222163965;282.96;Module 1,7_1;332.79;50,30;35,20;1,26;44,33;5,97
07,11.2019 10:50:35;37.3;1.5;290.4;311.5109444065483;283.11;Module 1,7_1;353.27;55,95;35,32;1,35;47,84;8,11
07,11.2019 10:52:58;36.6;1.56;290.4;314.2799720825393;283.4;Module 1,7_1;355.83;57,10;35,34;1,37;48,35;8,74
07,11.2019 10:54:51;36.2;1.59;290.4;319.20064565058635;283.5;Module 1,7_1;360.95;57,56;35,36;1,39;49,27;8,29
07,11.2019 10:56:44;36;1.62;290.4;324.1226218750776;283.52;Module 1,7_1;366.07;58,32;35,38;1,42;50,18;8,14
07,11.2019 10:58:38;35.9;1.63;290.4;329.0492167920529;283.65;Module 1,7_1;371.19;58,52;35,41;1,44;51,10;7,42
07,11.2019 11:00:34;35.9;1.69;290.4;338.5277127270887;283.64;Module 1,7_1;381.43;60,67;35,46;1,49;52,87;7,80
07,11.2019 11:02:28;36.2;1.72;290.4;348.01068188856306;283.73;Module 1,7_1;391.67;62,26;35,50;1,54;54,64;7,63
07,11.2019 11:04:21;36.2;1.76;290.4;357.5010551940384;283.82;Module 1,7_1;401.91;63,71;35,54;1,59;56,41;7,30
07,11.2019 11:06:14;36.1;1.78;291;357.8835346661595;283.81;Module 1,7_1;401.91;64,26;35,44;1,59;56,34;7,92
07,11.2019 11:08:43;35.9;1.82;291;367.50483868777366;283.78;Module 1,7_1;412.15;65,34;35,48;1,64;58,13;7,21
07,11.2019 11:10:35;36;1.85;291;374.7276384910713;283.8;Module 1,7_1;419.83;66,60;35,51;1,67;59,47;7,13
07,11.2019 11:12:28;36.6;1.86;291;386.53306981869935;283.92;Module 1,7_1;432.63;68,08;35,55;1,73;61,67;6,40
07,11.2019 11:14:21;36.6;1.88;291;391.48363658279646;284.01;Module 1,7_1;437.75;68,81;35,57;1,76;62,60;6,21
07,11.2019 11:16:15;36.2;1.96;291;396.43747384779056;284.08;Module 1,7_1;442.87;70,95;35,59;1,78;63,52;7,43
07,11.2019 11:18:11;36.6;1.93;292;403.69137812086353;284.03;Module 1,7_1;450.55;70,64;35,43;1,82;64,59;6,05
07,11.2019 11:20:05;36.1;1.97;292;406.35112059697985;284.07;Module 1,7_1;453.11;71,12;35,44;1,84;65,09;6,03
07,11.2019 11:21:58;36;1.97;292;404.4078048689273;284.08;Module 1,7_1;450.55;70,92;35,43;1,83;64,72;6,20
07,11.2019 11:23:59;36;2.03;292;418.5759424025113;284.14;Module 1,7_1;465.91;73,08;35,48;1,90;67,36;5,72
07,11.2019 11:25:55;36;2.09;294.5;428.14028870961647;284.2;Module 1,7_1;476.15;75,24;35,05;1,95;68,37;6,87
07,11.2019 11:27:48;36.1;2.11;294.5;435.39870990776103;284.34;Module 1,7_1;483.83;76,17;35,08;1,99;69,70;6,47
07,11.2019 11:29:40;36.1;2.14;294.5;442.6572726960429;284.38;Module 1,7_1;491.51;77,25;35,10;2,02;71,03;6,22
07,11.2019 11:31:23;36;2.15;295;445.2771176156273;284.46;Module 1,7_1;494.07;77,40;35,02;2,04;71,35;6,05
07,11.2019 11:33:16;36.1;2.08;295;431.7610387342121;284.55;Module 1,7_1;478.71;75,09;34,98;1,97;68,88;6,21
07,11.2019 11:35:09;36.2;2.11;295;445.9446802217684;284.43;Module 1,7_1;494.07;76,38;35,02;2,04;71,48;4,90
07,11.2019 11:37:03;36.2;2.19;295;460.1442679399322;284.57;Module 1,7_1;509.43;79,28;35,05;2,11;74,08;5,20
07,11.2019 11:38:56;36.1;2.21;295;465.0976577672567;284.73;Module 1,7_1;514.55;79,78;35,07;2,14;74,99;4,80
07,11.2019 11:40:48;36.1;2.25;296.5;472.3630299177778;284.83;Module 1,7_1;522.23;81,23;34,81;2,18;75,80;5,43
07,11.2019 11:42:42;36.1;2.27;296.5;475.002225568479;284.89;Module 1,7_1;524.79;81,95;34,82;2,19;76,28;5,67
07,11.2019 11:44:35;36.1;2.23;296.5;470.67869246473873;284.85;Module 1,7_1;519.67;80,50;34,81;2,17;75,49;5,01
07,11.2019 11:46:28;36.1;2.3;297;484.90359272145145;284.78;Module 1,7_1;535.03;83,03;34,76;2,24;77,90;5,13
07,11.2019 11:48:21;36;2.33;297;489.8529825690679;284.86;Module 1,7_1;540.15;83,88;34,77;2,27;78,79;5,09
07,11.2019 11:50:14;36;2.35;297;490.1553523318387;284.98;Module 1,7_1;540.15;84,60;34,77;2,27;78,85;5,75
07,11.2019 11:52:07;36;2.41;297;506.72235860848826;285.04;Module 1,7_1;558.07;86,76;34,80;2,35;81,85;4,91
07,11.2019 11:53:59;36;2.39;297;507.0187449367787;285.1;Module 1,7_1;558.07;86,04;34,80;2,35;81,91;4,13
07,11.2019 11:55:53;35.9;2.46;297.5;521.2769056678951;285.16;Module 1,7_1;573.43;88,31;34,74;2,43;84,30;4,02
07,11.2019 11:57:45;35.8;2.47;297.5;519.2399245791275;285.28;Module 1,7_1;570.87;88,43;34,73;2,42;83,93;4,50
07,11.2019 11:59:38;35.8;2.5;297.5;524.1858969198156;285.51;Module 1,7_1;575.99;89,50;34,74;2,44;84,82;4,68
07,11.2019 12:01:31;35.8;2.49;298.5;524.4686582276579;285.67;Module 1,7_1;575.99;89,14;34,56;2,44;84,48;4,66
07,11.2019 12:03:24;35.7;2.49;298.5;522.4130385187315;285.85;Module 1,7_1;573.43;88,89;34,56;2,43;84,11;4,79
07,11.2019 12:05:18;35.7;2.51;298.5;525.0182562848677;285.88;Module 1,7_1;575.99;89,61;34,56;2,45;84,58;5,03
07,11.2019 12:07:10;35.7;2.52;298.5;527.6152234505234;285.96;Module 1,7_1;578.55;89,96;34,57;2,46;85,04;4,92
07,11.2019 12:09:05;35.6;2.56;299;534.8872397378652;286.04;Module 1,7_1;586.23;91,14;34,49;2,50;86,15;4,99
07,11.2019 12:10:58;35.6;2.56;299;539.8187495589003;286.1;Module 1,7_1;591.35;91,14;34,50;2,52;87,03;4,10
07,11.2019 12:14:45;35.9;2.68;299;561.3757109405606;285.98;Module 1,7_1;614.39;96,21;34,54;2,63;90,90;5,31
07,11.2019 12:16:38;35.8;2.62;299;554.6078061498959;286.07;Module 1,7_1;606.71;93,80;34,53;2,60;89,69;4,11
07,11.2019 12:18:31;35.6;2.67;299;559.5340526254555;286.19;Module 1,7_1;611.83;95,05;34,54;2,62;90,57;4,48
07,11.2019 12:20:23;35.5;2.55;299;531.666220491558;286.25;Module 1,7_1;581.11;90,52;34,49;2,48;85,57;4,95
07,11.2019 12:22:24;35.4;2.72;300.5;567.0536839038487;286.45;Module 1,7_1;619.51;96,29;34,27;2,66;91,27;5,02
07,11.2019 12:24:17;35.4;2.31;300.5;485.2392089306703;286.3;Module 1,7_1;529.91;81,77;34,13;2,25;76,69;5,09
07,11.2019 12:26:12;35.5;2.52;300.5;525.3044042885746;286.07;Module 1,7_1;573.43;89,46;34,20;2,45;83,83;5,63
07,11.2019 12:28:05;35.6;2.75;300.5;572.4310709457494;286.07;Module 1,7_1;624.63;97,90;34,28;2,69;92,22;5,68
07,11.2019 12:29:59;35.6;2.71;300.5;560.9166783789125;286.15;Module 1,7_1;611.83;96,48;34,27;2,63;90,17;6,30
07,11.2019 12:31:52;35.4;2.81;300.5;589.2999040658656;286.37;Module 1,7_1;642.55;99,47;34,31;2,78;95,23;4,25
07,11.2019 12:33:45;35.3;2.7;300.5;563.6786917341817;286.53;Module 1,7_1;614.39;95,31;34,27;2,65;90,66;4,65
07,11.2019 12:35:37;35.3;1.83;300.5;357.1188726798018;286.61;Module 1,7_1;389.11;64,60;33,71;1,60;53,88;10,72
07,11.2019 12:37:30;35.4;2.85;301;596.9775876321105;286.63;Module 1,7_1;650.23;100,89;34,23;2,82;96,36;4,53
07,11.2019 12:39:23;35.5;1.39;301;427.8977760312774;286.43;Module 1,7_1;465.91;49,34;33,88;1,96;66,31;-16,97
07,11.2019 12:41:16;35.3;3.02;301;622.7426053409312;286.46;Module 1,7_1;677.84;106,61;34,26;2,95;100,93;5,67
07,11.2019 12:43:09;35.5;3.04;301;634.8535787209104;286.63;Module 1,7_1;690.8;107,92;34,27;3,01;103,08;4,84
07,11.2019 12:45:02;35.3;2.61;301;383.596629629587;286.76;Module 1,7_1;417.27;92,13;33,73;1,73;58,45;33,69
07,11.2019 12:46:55;35.2;2.27;301;470.8169039855567;286.68;Module 1,7_1;511.99;79,90;34,00;2,17;73,94;5,97
07,11.2019 12:49:19;35.3;2.48;301;558.1311309298094;286.66;Module 1,7_1;606.71;87,54;34,17;2,62;89,46;-1,92
07,11.2019 12:51:12;35.3;2.87;301;603.0781580769209;286.78;Module 1,7_1;655.38;101,31;34,23;2,85;97,44;3,87
07,11.2019 12:53:05;35.2;3.01;301;629.1308424730523;286.9;Module 1,7_1;683.5;105,95;34,27;2,98;102,07;3,88
07,11.2019 12:55:00;35.4;2.65;301;579.8177569408426;287.04;Module 1,7_1;629.75;93,81;34,20;2,73;93,31;0,50
07,11.2019 12:57:03;35.3;2.63;301;542.2622647820353;287.17;Module 1,7_1;588.79;92,84;34,15;2,54;86,64;6,20
07,11.2019 13:00:48;35.4;3.17;301;666.268775103252;287.21;Module 1,7_1;723.07;112,22;34,30;3,17;108,65;3,57
07,11.2019 13:02:41;35.2;3.26;302.5;690.8002554546206;287.39;Module 1,7_1;749.51;114,75;34,05;3,29;112,16;2,59
07,11.2019 13:04:50;34.6;2.14;302.5;446.05156481937223;287.57;Module 1,7_1;483.83;74,04;33,66;2,05;69,04;5,00
07,11.2019 13:06:43;34.3;1.48;302.5;368.2522537928981;287.43;Module 1,7_1;399.35;50,76;33,40;1,66;55,34;-4,57
07,11.2019 13:10:34;34.4;1.52;302.5;337.7146666540028;286.54;Module 1,7_1;366.07;52,29;33,26;1,50;49,97;2,32
07,11.2019 13:12:29;35.8;2.56;302.5;496.05405621681797;286.28;Module 1,7_1;537.59;91,65;33,78;2,30;77,86;13,79
07,11.2019 13:14:22;35.6;3.43;302.5;708.4816347037445;286.64;Module 1,7_1;767.65;122,11;34,07;3,38;115,27;6,84
07,11.2019 13:16:14;35.3;3.32;301;694.1443127943242;287.14;Module 1,7_1;751.97;117,20;34,33;3,31;113,59;3,61
07,11.2019 13:18:11;34.8;3.28;301;682.5816897041658;287.6;Module 1,7_1;739.3;114,14;34,32;3,25;111,54;2,60
07,11.2019 13:22:31;34;1.91;302.5;503.6431068244949;287.61;Module 1,7_1;545.27;64,94;33,80;2,34;79,20;-14,26
07,11.2019 13:24:25;35.5;3.5;302.5;725.7111080996042;287.66;Module 1,7_1;785.56;124,25;34,08;3,47;118,29;5,96
07,11.2019 13:28:10;34.8;2.89;302.5;544.1027644665492;287.23;Module 1,7_1;588.79;100,57;33,88;2,55;86,34;14,24
07,11.2019 13:30:03;34.9;2.8;302.5;644.7498503673692;286.91;Module 1,7_1;697.6;97,72;34,02;3,06;104,07;-6,35
07,11.2019 13:31:55;35.2;3.45;302.5;712.9850125491147;287.35;Module 1,7_1;771.32;121,44;34,07;3,41;116,06;5,38
07,11.2019 13:33:49;35;3.21;302.5;692.9007843318265;287.75;Module 1,7_1;749.49;112,35;34,05;3,30;112,53;-0,18
07,11.2019 13:36:00;34.5;3.38;302.5;700.151748623836;288.08;Module 1,7_1;757.22;116,61;34,06;3,34;113,81;2,80
07,11.2019 13:37:58;34.4;3.34;302.5;687.9048411165744;288.22;Module 1,7_1;743.88;114,90;34,05;3,28;111,65;3,24
07,11.2019 13:39:51;34.4;3.27;302.5;681.8712273312685;288.5;Module 1,7_1;737.27;112,49;34,05;3,25;110,59;1,89
07,11.2019 13:41:45;34.4;3.23;302.5;677.7843933720542;288.67;Module 1,7_1;732.77;111,11;34,05;3,23;109,88;1,24
07,11.2019 13:43:39;34.2;3.19;303;663.0635542114953;289.04;Module 1,7_1;716.78;109,10;33,94;3,15;107,02;2,07
07,11.2019 13:47:26;34.7;3.23;303;669.08313877037;288.91;Module 1,7_1;723.15;112,08;33,95;3,18;108,08;4,00
07,11.2019 13:49:19;34.5;3.17;304.6;655.963806250164;289;Module 1,7_1;708.91;109,36;33,65;3,12;104,94;4,43
07,11.2019 13:51:44;34.4;3.14;304.6;655.0304428715499;288.73;Module 1,7_1;707.83;108,02;33,64;3,11;104,77;3,24
07,11.2019 13:53:39;34.5;3.16;304.6;657.049412526037;288.59;Module 1,7_1;709.96;109,02;33,65;3,12;105,12;3,90
07,11.2019 13:55:32;34.4;3.21;304.6;666.4773665643338;288.77;Module 1,7_1;720.1;110,42;33,66;3,17;106,76;3,66
07,11.2019 13:57:25;33.4;3.01;304.6;650.2636546366015;288.53;Module 1,7_1;702.54;100,53;33,64;3,09;103,94;-3,41
07,11.2019 13:59:21;36.1;3.24;304.6;677.1798755713415;288.38;Module 1,7_1;731.58;116,96;33,66;3,23;108,63;8,34
07,11.2019 14:01:15;34.6;3.24;304.6;673.2224491974571;288.42;Module 1,7_1;727.27;112,10;33,66;3,21;107,94;4,17
07,11.2019 14:03:13;34.1;3.24;303;702.9392730748704;288.1;Module 1,7_1;759.34;110,48;33,98;3,36;114,01;-3,53
07,11.2019 14:05:07;35.6;3.32;303;673.9877988650653;288.21;Module 1,7_1;728.04;118,19;33,95;3,21;108,94;9,25
07,11.2019 14:07:02;35.1;3.22;303;673.118731559897;288.35;Module 1,7_1;727.08;113,02;33,95;3,20;108,79;4,24
07,11.2019 14:08:55;34.5;2.62;303;537.994243557225;288.48;Module 1,7_1;581.11;90,39;33,77;2,52;85,05;5,34
07,11.2019 14:10:49;34.4;2.45;303;504.82178870374617;288.47;Module 1,7_1;545.27;84,28;33,71;2,35;79,21;5,07
07,11.2019 14:12:42;34.4;2.6;303;545.1190882863438;288.55;Module 1,7_1;588.79;89,44;33,79;2,55;86,30;3,14
07,11.2019 14:14:37;34.4;2.18;303;492.97844257669567;288.65;Module 1,7_1;532.47;74,99;33,69;2,29;77,13;-2,14
07,11.2019 14:16:31;34.5;2.43;303;507.19815244247326;288.6;Module 1,7_1;547.83;83,84;33,72;2,36;79,63;4,20
07,11.2019 14:18:24;34.3;2.15;303;419.49991052225835;288.56;Module 1,7_1;453.11;73,74;33,49;1,92;64,20;9,54
07,11.2019 14:20:17;34.8;2.44;303;500.0763038960343;288.33;Module 1,7_1;540.15;84,91;33,70;2,33;78,38;6,53
07,11.2019 14:22:32;34.9;2.93;303;615.6756883929103;288.41;Module 1,7_1;665.03;102,26;33,89;2,91;98,71;3,55
07,11.2019 14:24:26;34.8;2.97;303;613.7139578759437;288.55;Module 1,7_1;662.93;103,36;33,89;2,90;98,36;4,99
07,11.2019 14:26:21;34.7;2.92;303;606.7307409708944;288.78;Module 1,7_1;655.41;101,32;33,88;2,87;97,14;4,19
07,11.2019 14:28:13;34.6;2.44;302.5;405.2204342250667;289.16;Module 1,7_1;437.75;84,42;33,54;1,84;61,84;22,58
07,11.2019 14:30:07;34;2.01;302.5;419.41884320059523;289.01;Module 1,7_1;453.11;68,34;33,58;1,92;64,34;4,00
07,11.2019 14:32:00;34.8;1.8;302.5;379.1142393108143;288.71;Module 1,7_1;409.59;62,64;33,44;1,71;57,25;5,39
07,11.2019 14:33:53;35.2;2.59;302.5;559.1639322100132;288.6;Module 1,7_1;604.15;91,17;33,91;2,62;88,99;2,18
07,11.2019 14:35:46;35.1;2.68;302.5;544.9109664899671;288.71;Module 1,7_1;588.79;94,07;33,88;2,55;86,48;7,59
07,11.2019 14:38:03;34.8;2.64;302.5;454.83946485451423;288.9;Module 1,7_1;491.51;91,87;33,69;2,10;70,59;21,28
07,11.2019 14:41:49;34.3;1.73;302.5;357.6490993490469;288.39;Module 1,7_1;386.55;59,34;33,35;1,60;53,47;5,87
07,11.2019 14:43:42;35.1;2.19;302.5;449.9813035237539;288.21;Module 1,7_1;486.39;76,87;33,67;2,07;69,73;7,14
07,11.2019 14:45:44;35;1.88;302.5;390.728534130415;288.03;Module 1,7_1;422.39;65,80;33,48;1,77;59,29;6,51
07,11.2019 14:47:37;35.2;1.47;301;312.54647232046466;287.87;Module 1,7_1;337.91;51,74;33,41;1,37;45,88;5,87
07,11.2019 15:03:02;35.6;1.87;298.5;383.1295945706236;286.5;Module 1,7_1;414.71;66,57;34,18;1,73;59,04;7,53
07,11.2019 15:04:54;35.7;1.54;298.5;319.21635180438193;286.71;Module 1,7_1;345.59;54,98;33,89;1,40;47,59;7,39
07,11.2019 15:14:42;35.6;1.59;297;316.51384185437206;286.69;Module 1,7_1;343.03;56,60;34,15;1,39;47,42;9,19
07,11.2019 15:16:38;35.6;1.84;296.5;363.66951764993087;286.87;Module 1,7_1;394.23;65,50;34,47;1,63;56,05;9,45
07,11.2019 15:18:34;35.5;1.69;296.5;332.88696524319016;287.08;Module 1,7_1;360.95;59,99;34,33;1,47;50,48;9,52
07,11.2019 15:20:29;35.4;1.52;298.5;297.11083838399594;287.15;Module 1,7_1;322.24;53,81;33,77;1,29;43,64;10,17
07,11.2019 15:34:09;35.2;1.33;297;276.1602126172303;287.07;Module 1,7_1;300.15;46,82;33,90;1,18;40,16;6,65
09,11.2019 13:57:05;36.4;3.21;288.9;687.874572667201;282.46;Module 1,7_1;744.55;116,84;36,48;3,26;119,02;-2,17
09,11.2019 14:02:56;36.1;1.41;291;284.1070470160152;283.17;Module 1,7_1;307.47;50,90;35,04;1,22;42,64;8,26
09,11.2019 15:08:48;36;1.76;290.4;293.3383085174775;282.24;Module 1,7_1;318.34;63,36;35,21;1,26;44,46;18,90
09,11.2019 16:37:25;35.2;1.75;290.4;380.03267016739363;283.07;Module 1,7_1;422.39;61,60;35,63;1,70;60,62;0,98
09,11.2019 16:39:18;34.1;1.54;290.4;274.7481811294208;283.39;Module 1,7_1;305.67;52,51;35,09;1,17;41,01;11,50
10,11.2019 13:29:35;36.7;1.37;288.4;360.98182197286934;279.57;Module 1,7_1;391.67;50,28;35,91;1,60;57,54;-7,26
10,11.2019 13:47:07;36.6;1.36;288.9;292.2395872581474;280.45;Module 1,7_1;316.73;49,78;35,47;1,26;44,52;5,25
10,11.2019 13:49:04;37.2;2.09;288.9;562.2102223541241;280.89;Module 1,7_1;609.27;77,75;36,35;2,62;95,36;-17,61
10,11.2019 13:53:15;37.4;2.07;290.4;413.45783062518933;281.84;Module 1,7_1;447.99;77,42;35,75;1,87;66,87;10,55
10,11.2019 13:55:13;37.6;1.99;291;614.6410751573283;282.36;Module 1,7_1;665.93;74,82;36,05;2,89;104,26;-29,44
10,11.2019 13:57:13;38.3;1.52;291;378.06797338366556;283.04;Module 1,7_1;409.59;58,22;35,52;1,69;60,09;-1,88
10,11.2019 13:59:24;36.7;2.98;292;643.4997732450763;283.57;Module 1,7_1;697.11;109,37;35,90;3,04;109,14;0,22
10,11.2019 14:01:18;36;2.97;292;648.1360162020769;284.01;Module 1,7_1;702.1;106,92;35,90;3,06;110,00;-3,08
10,11.2019 14:05:22;36.9;2.1;292;432.4964816832333;284.11;Module 1,7_1;468.47;77,49;35,52;1,97;69,94;7,55
10,11.2019 14:09:20;37.5;2.42;295;605.9500470842237;283.93;Module 1,7_1;656.32;90,75;35,32;2,85;100,78;-10,03
10,11.2019 14:11:23;36;3.14;295;667.7983875279115;284.25;Module 1,7_1;723.3;113,04;35,38;3,17;112,09;0,95
10,11.2019 14:13:16;36;2.99;296.5;626.5133037310599;284.6;Module 1,7_1;678.58;107,64;35,08;2,96;103,81;3,83
10,11.2019 14:15:08;35.5;2.69;296.5;571.9750987083487;284.64;Module 1,7_1;619.51;95,50;35,01;2,68;93,91;1,59
10,11.2019 14:17:01;35.5;2.75;297;586.1521501088897;284.82;Module 1,7_1;634.87;97,63;34,94;2,76;96,26;1,37
10,11.2019 14:18:53;35.4;2.61;297;586.1440481194247;285.14;Module 1,7_1;634.87;92,39;34,94;2,76;96,26;-3,86
10,11.2019 14:20:46;35.2;2.45;297;564.8608010392209;285.44;Module 1,7_1;611.83;86,24;34,91;2,65;92,40;-6,16
10,11.2019 14:22:52;35.2;2.69;298.5;576.6605376125635;285.6;Module 1,7_1;624.63;94,69;34,65;2,71;93,87;0,82
10,11.2019 14:24:46;35.1;1.57;298.5;371.03178257166195;285.77;Module 1,7_1;401.91;55,11;34,13;1,67;56,87;-1,76
10,11.2019 14:26:38;35.7;2.28;299;602.6124430652935;285.87;Module 1,7_1;652.79;81,40;34,59;2,84;98,30;-16,91
10,11.2019 14:28:32;35.8;1.38;299;319.01037799105745;285.84;Module 1,7_1;345.59;49,40;33,80;1,40;47,44;1,96
10,11.2019 14:30:26;35.4;2.89;299;614.4573283846407;285.75;Module 1,7_1;665.69;102,31;34,61;2,90;100,43;1,88
10,11.2019 14:32:20;35.2;2.95;299;630.2113820728478;286.06;Module 1,7_1;682.8;103,84;34,63;2,98;103,25;0,59
10,11.2019 14:34:12;35.2;2.94;299;624.5757573017596;286.38;Module 1,7_1;676.74;103,49;34,63;2,95;102,24;1,25
10,11.2019 14:36:07;34.9;2.99;300.5;633.6086527578868;286.78;Module 1,7_1;686.58;104,35;34,36;3,00;103,11;1,24
10,11.2019 14:38:40;34.8;2.41;300.5;467.7107045005921;286.64;Module 1,7_1;506.87;83,87;34,08;2,16;73,56;10,31
10,11.2019 14:40:33;34.9;2.68;301;599.9398919247858;286.62;Module 1,7_1;650.23;93,53;34,23;2,83;96,89;-3,35
10,11.2019 14:42:36;34.9;2.86;301;606.3235577741846;286.81;Module 1,7_1;657.22;99,81;34,24;2,86;98,02;1,79
10,11.2019 14:44:32;34.8;2.88;301;609.3931654176437;287;Module 1,7_1;660.62;100,22;34,24;2,88;98,56;1,66
10,11.2019 14:46:24;34.7;2.9;301;615.0886200101188;287.17;Module 1,7_1;666.87;100,63;34,25;2,91;99,58;1,05
10,11.2019 14:48:17;34.6;2.85;301;602.0284310437547;286.77;Module 1,7_1;652.79;98,61;34,23;2,84;97,26;1,35
10,11.2019 14:50:11;34.5;2.6;302.5;441.4273393093012;286.67;Module 1,7_1;478.71;89,70;33,65;2,03;68,22;21,48
10,11.2019 14:52:04;34.3;2.9;302.5;601.8671163838034;286.67;Module 1,7_1;652.79;99,47;33,96;2,84;96,52;2,95
10,11.2019 14:54:06;33.9;2.93;302.5;606.5202421273154;287;Module 1,7_1;657.94;99,33;33,97;2,87;97,34;1,99
10,11.2019 14:56:00;33.9;2.86;302.5;594.6008925757867;287.29;Module 1,7_1;645.11;96,95;33,95;2,80;95,24;1,72
10,11.2019 14:57:54;33.9;2.23;302.5;502.49605105069884;287.58;Module 1,7_1;545.27;75,60;33,80;2,34;79,00;-3,40
10,11.2019 14:59:46;34.1;2.73;302.5;570.8163613893774;287.82;Module 1,7_1;619.51;93,09;33,92;2,68;91,05;2,05
10,11.2019 15:01:40;33.1;2.34;302.5;353.744884107085;287.48;Module 1,7_1;383.99;77,45;33,34;1,58;52,79;24,67
10,11.2019 15:03:33;34.8;2.5;302.5;495.1544226027999;287.25;Module 1,7_1;537.59;87,00;33,78;2,30;77,70;9,30
10,11.2019 15:05:26;33.9;1.35;302.5;353.61034817870234;287.13;Module 1,7_1;383.99;45,77;33,34;1,58;52,76;-7,00
10,11.2019 15:07:20;33.9;2.75;302.5;570.380186329787;286.73;Module 1,7_1;619.51;93,22;33,92;2,68;90,97;2,26
10,11.2019 15:09:41;34.4;2.66;301;558.4469601158976;286.95;Module 1,7_1;606.71;91,50;34,17;2,62;89,52;1,99
10,11.2019 15:11:33;34.2;2.48;301;534.7653295854745;287.07;Module 1,7_1;581.11;84,82;34,13;2,50;85,31;-0,49
10,11.2019 15:13:26;33.9;2.62;301;555.8390153385267;287.24;Module 1,7_1;604.15;88,82;34,17;2,61;89,05;-0,23
10,11.2019 15:15:21;34;1.99;301;532.155577078956;287.39;Module 1,7_1;578.55;67,66;34,13;2,49;84,84;-17,18
10,11.2019 15:17:15;34;2.6;301;539.0834525985225;287.57;Module 1,7_1;586.23;88,40;34,14;2,52;86,07;2,33
10,11.2019 15:19:24;34.2;2.6;300.5;543.6298217466934;287.59;Module 1,7_1;591.35;88,92;34,24;2,54;87,09;1,83
10,11.2019 15:21:18;34.1;2.59;300.5;538.7755339764647;287.69;Module 1,7_1;586.23;88,32;34,23;2,52;86,23;2,09
10,11.2019 15:23:28;34;2.28;302.5;505.6726549041363;287.71;Module 1,7_1;550.39;77,52;33,80;2,35;79,56;-2,04
10,11.2019 15:25:26;34.2;2.56;302.5;531.3820603805933;287.56;Module 1,7_1;578.55;87,55;33,85;2,48;84,09;3,46
10,11.2019 15:27:28;33.9;2.54;302.5;526.506548430818;287.79;Module 1,7_1;573.43;86,11;33,84;2,46;83,23;2,87
10,11.2019 15:28:48;33.8;2.5;300.5;521.6896614545936;287.92;Module 1,7_1;568.31;84,50;34,20;2,43;83,18;1,32
10,11.2019 15:30:42;33.9;2.48;300.5;516.8212767648665;288.08;Module 1,7_1;563.19;84,07;34,19;2,41;82,31;1,76
10,11.2019 15:32:51;34.3;2.41;301;511.92713504054603;288.39;Module 1,7_1;558.07;82,66;34,09;2,38;81,25;1,42
10,11.2019 15:34:46;33.7;2.47;301;511.7464075885568;288.68;Module 1,7_1;558.07;83,24;34,09;2,38;81,21;2,02
10,11.2019 15:36:40;34.5;2.39;301;504.5213135364568;288.7;Module 1,7_1;550.39;82,45;34,07;2,35;79,93;2,52
10,11.2019 15:38:33;33.7;2.44;301;504.33440703294235;288.49;Module 1,7_1;550.39;82,23;34,07;2,35;79,90;2,33
10,11.2019 15:40:31;33.2;2.34;301;487.7188688987802;288.55;Module 1,7_1;532.47;77,69;34,04;2,26;76,94;0,75
10,11.2019 15:42:32;34.4;2.31;301;489.8559476540559;288.64;Module 1,7_1;535.03;79,46;34,04;2,27;77,32;2,14
10,11.2019 15:44:35;33.7;2.33;300.5;494.3231295889161;288.75;Module 1,7_1;540.15;78,52;34,14;2,29;78,30;0,22
10,11.2019 15:46:29;34.7;2.28;300.5;487.08658721689835;288.8;Module 1,7_1;532.47;79,12;34,13;2,26;77,01;2,10
10,11.2019 15:48:37;34.7;2.25;300.5;484.5044492663028;288.92;Module 1,7_1;529.91;78,08;34,12;2,24;76,55;1,52
10,11.2019 15:50:30;34.8;2.22;300.5;479.6060964093819;288.99;Module 1,7_1;524.79;77,26;34,11;2,22;75,68;1,57
10,11.2019 15:52:32;34.9;2.21;300.5;474.68742516512503;288.95;Module 1,7_1;519.67;77,13;34,10;2,19;74,80;2,32
10,11.2019 15:54:27;34.9;2.17;300.5;465.10537948133197;288.55;Module 1,7_1;509.43;75,73;34,08;2,14;73,10;2,64
10,11.2019 15:56:20;34.9;2.14;300.5;460.2018381907069;288.29;Module 1,7_1;504.31;74,69;34,06;2,12;72,22;2,46
10,11.2019 15:58:13;34.9;2.09;300.5;450.62626821503864;288.08;Module 1,7_1;494.07;72,94;34,04;2,07;70,52;2,42
10,11.2019 16:00:08;35;2.11;300.5;452.71745119019147;287.96;Module 1,7_1;496.63;73,85;34,04;2,08;70,89;2,96
10,11.2019 16:02:02;35;2.06;300.5;443.1390342614502;287.96;Module 1,7_1;486.39;72,10;34,02;2,03;69,18;2,92
10,11.2019 16:04:10;35;2.03;300.5;435.8637921984192;288.14;Module 1,7_1;478.71;71,05;33,99;2,00;67,89;3,16
10,11.2019 16:06:04;35;2.01;300.5;435.60807777670504;288.22;Module 1,7_1;478.71;70,35;33,99;2,00;67,84;2,51
10,11.2019 16:07:56;35;1.98;299;426.03683636845034;288.35;Module 1,7_1;468.47;69,30;34,23;1,95;66,60;2,70
10,11.2019 16:09:49;35;1.91;299;411.8136354037631;288.28;Module 1,7_1;453.11;66,85;34,20;1,87;64,05;2,80
10,11.2019 16:11:42;35;1.9;299;413.87673295640775;288.25;Module 1,7_1;455.67;66,50;34,20;1,88;64,42;2,08
10,11.2019 16:13:43;35.1;1.92;299;415.90929496202676;288.35;Module 1,7_1;458.23;67,39;34,20;1,89;64,78;2,61
10,11.2019 16:15:36;35.2;1.91;299;415.6275213489854;288.42;Module 1,7_1;458.23;67,23;34,20;1,89;64,73;2,50
10,11.2019 16:17:28;35.1;1.88;299;406.05836112384293;288.6;Module 1,7_1;447.99;65,99;34,17;1,84;63,02;2,97
10,11.2019 16:19:21;35.1;1.88;299;408.084891326664;288.78;Module 1,7_1;450.55;65,99;34,18;1,85;63,38;2,61
10,11.2019 16:21:19;35.1;1.93;298.5;414.71934724066125;288.74;Module 1,7_1;458.23;67,74;34,30;1,89;64,72;3,02
10,11.2019 16:23:13;35.1;1.92;298.5;414.39893671644035;288.75;Module 1,7_1;458.23;67,39;34,29;1,89;64,66;2,73
10,11.2019 16:25:06;35;1.85;298.5;402.5051894261789;288.82;Module 1,7_1;445.43;64,75;34,25;1,83;62,52;2,23
10,11.2019 16:27:02;34.9;1.79;298.5;344.3844577751792;288.63;Module 1,7_1;381.43;62,47;34,02;1,53;52,09;10,38
10,11.2019 16:28:56;34.3;1.95;298.5;404.1369706090527;288.39;Module 1,7_1;447.99;66,88;34,26;1,83;62,82;4,07
10,11.2019 16:30:48;32.8;1.93;298.5;399.1748548978639;288.48;Module 1,7_1;442.87;63,30;34,24;1,81;61,93;1,38
10,11.2019 16:32:41;33.1;1.93;298.5;403.4286203421475;288.37;Module 1,7_1;447.99;63,88;34,26;1,83;62,69;1,19
10,11.2019 16:34:36;33.1;1.96;298.5;405.35291547419047;288.1;Module 1,7_1;450.55;64,88;34,27;1,84;63,04;1,84
10,11.2019 16:36:28;33.2;2;298.5;414.1743182976635;288.12;Module 1,7_1;460.79;66,40;34,29;1,88;64,62;1,78
10,11.2019 16:38:21;33.3;2.01;298.5;416.06596813608036;288.35;Module 1,7_1;463.35;66,93;34,30;1,89;64,96;1,97
10,11.2019 16:40:18;33.7;1.91;298.5;394.96152852371324;288.7;Module 1,7_1;440.31;64,37;34,23;1,79;61,17;3,20
10,11.2019 16:42:14;33.5;1.78;298.5;367.0096546488837;288.86;Module 1,7_1;409.59;59,63;34,12;1,65;56,15;3,48
10,11.2019 16:44:13;33.5;1.79;298.5;368.8814608107415;288.85;Module 1,7_1;412.15;59,97;34,13;1,66;56,48;3,48
10,11.2019 16:46:10;32.7;1.73;298.5;354.7211449008951;288.92;Module 1,7_1;396.79;56,57;34,07;1,58;53,94;2,63
10,11.2019 16:48:02;31.7;1.41;298.5;284.37731394492204;289;Module 1,7_1;318.47;44,70;33,69;1,23;41,37;3,33
10,11.2019 16:54:01;33.3;1.43;297;300.5446082325319;287.55;Module 1,7_1;337.91;47,62;34,06;1,31;44,54;3,08
10,11.2019 16:55:58;32.8;1.35;296.5;270.78296710679206;287.5;Module 1,7_1;304.87;44,28;33,95;1,16;39,28;5,00
10,11.2019 16:58:06;33.4;1.36;296.5;297.3871052764427;287.55;Module 1,7_1;335.35;45,42;34,13;1,29;44,07;1,36
10,11.2019 16:59:59;32.6;1.29;296.5;271.4471861608874;287.61;Module 1,7_1;306.54;42,05;33,96;1,16;39,40;2,65
12,11.2019 16:20:34;38.2;2.07;288.9;316.67572197639413;281.85;Module 1,7_1;350.71;79,07;35,62;1,38;49,10;29,97
12,11.2019 16:26:50;38;1.71;290.4;389.5882531522506;282.42;Module 1,7_1;432.63;64,98;35,67;1,75;62,40;2,58
12,11.2019 16:28:42;35.6;1.72;291;327.0626176626899;282.91;Module 1,7_1;363.51;61,23;35,29;1,43;50,60;10,63
13,11.2019 14:24:46;36;2.82;292;457.2197502065786;282.51;Module 1,7_1;496.63;101,52;35,59;2,09;74,54;26,98
13,11.2019 14:26:39;36.7;3.17;292;666.7279000364003;283.22;Module 1,7_1;724.23;116,34;35,92;3,16;113,45;2,89
13,11.2019 14:28:32;36;2.9;294.5;612.6837546713008;283.93;Module 1,7_1;665.56;104,40;35,41;2,89;102,25;2,15
13,11.2019 14:30:27;36;3.01;294.5;586.7527310951583;284.68;Module 1,7_1;637.43;108,36;35,38;2,76;97,50;10,86
13,11.2019 15:23:16;36.5;3.02;290.4;639.6100028595121;282.71;Module 1,7_1;698.28;110,23;36,18;3,02;109,21;1,02
13,11.2019 15:25:08;36.3;2.91;290.4;622.7943456283664;283.65;Module 1,7_1;680.13;105,63;36,16;2,93;106,07;-0,43
13,11.2019 15:27:01;35.6;2.8;291;602.0352916965235;284.76;Module 1,7_1;657.67;99,68;36,03;2,83;101,91;-2,23
13,11.2019 15:28:54;35.2;2.69;291;557.5451903316414;285.71;Module 1,7_1;609.27;94,69;35,97;2,60;93,61;1,08
13,11.2019 15:30:47;34.5;2.57;294.5;552.6707585133763;286.49;Module 1,7_1;604.15;88,66;35,34;2,58;91,24;-2,57
13,11.2019 15:32:40;34.9;2.54;294.5;547.7932378536102;287.28;Module 1,7_1;599.03;88,65;35,33;2,56;90,34;-1,70
13,11.2019 15:34:32;35.1;2.21;294.5;475.0489931233796;287.77;Module 1,7_1;519.67;77,57;35,18;2,19;76,98;0,59
13,11.2019 15:36:27;35.2;2.6;296.5;563.759384300109;288.01;Module 1,7_1;616.95;91,52;34,99;2,64;92,42;-0,90
13,11.2019 15:38:20;35.2;2.65;296.5;561.2010522768142;287.95;Module 1,7_1;614.39;93,28;34,99;2,63;91,95;1,33
13,11.2019 15:40:19;35.1;2.08;297;430.0693174813431;287.75;Module 1,7_1;471.03;73,01;34,61;1,96;67,95;5,06
13,11.2019 15:42:12;35;1.91;297;390.1712039374635;287.28;Module 1,7_1;427.51;66,85;34,48;1,76;60,72;6,13
13,11.2019 15:45:58;35;1.58;298.5;305.79317853764593;286.91;Module 1,7_1;335.35;55,30;33,82;1,34;45,19;10,11
13,11.2019 15:49:51;34.8;1.43;298.5;312.49626955482654;285.96;Module 1,7_1;343.03;49,76;33,86;1,37;46,38;3,38
13,11.2019 15:51:43;35.5;1.71;298.5;354.3032749401636;285.75;Module 1,7_1;389.11;60,70;34,06;1,58;53,87;6,84
13,11.2019 15:53:36;35.8;2.04;298.5;424.02006177751156;285.6;Module 1,7_1;465.91;73,03;34,32;1,93;66,39;6,64
13,11.2019 15:55:29;35.4;1.59;298.5;316.68361658846345;285.57;Module 1,7_1;348.15;56,29;33,88;1,39;47,13;9,15
13,11.2019 15:58:21;35.3;1.62;298.5;332.7110008694254;285.32;Module 1,7_1;366.07;57,19;33,96;1,47;50,00;7,19
13,11.2019 16:00:14;35.3;1.3;297;282.8736294130292;285.21;Module 1,7_1;311.41;45,89;33,95;1,22;41,37;4,52
13,11.2019 16:02:07;35.4;1.68;297;306.7682209166619;285.14;Module 1,7_1;337.91;59,47;34,09;1,34;45,66;13,81
14,11.2019 10:59:27;36.9;1.3;286.9;265.8214895779477;278.49;Module 1,7_1;302.96;47,97;35,65;1,12;39,90;8,07
14,11.2019 11:01:27;36.9;1.56;286.9;319.3842647182012;278.51;Module 1,7_1;363.51;57,56;35,99;1,39;50,01;7,55
14,11.2019 11:05:08;36.5;1.46;286.4;302.1189051965851;278.56;Module 1,7_1;343.03;53,29;35,98;1,30;46,84;6,45
14,11.2019 11:07:04;36.6;1.66;286.4;336.34898903527755;278.62;Module 1,7_1;381.43;60,76;36,16;1,47;53,33;7,42
14,11.2019 11:18:30;36;1.38;284.9;279.1290163661941;277.88;Module 1,7_1;314.46;49,68;36,10;1,18;42,74;6,94
14,11.2019 11:20:23;36.5;1.73;284.9;357.10837031579024;277.99;Module 1,7_1;401.91;63,14;36,53;1,58;57,63;5,52
14,11.2019 11:22:34;36.3;1.74;284.9;348.40058899961724;278.36;Module 1,7_1;391.67;63,16;36,49;1,53;55,96;7,20
14,11.2019 11:24:26;36;1.46;284.9;294.0227978905859;278.58;Module 1,7_1;330.23;52,56;36,20;1,26;45,57;6,99
14,11.2019 11:37:43;36.7;1.3;286.9;270.2949743115216;278.72;Module 1,7_1;301.75;47,71;35,68;1,14;40,74;6,97
14,11.2019 11:43:22;37.8;1.3;288.4;283.65245018075416;278.52;Module 1,7_1;315.94;49,14;35,51;1,21;43,01;6,13
14,11.2019 11:45:15;37.6;1.44;288.4;308.19766832481116;278.63;Module 1,7_1;343.03;54,14;35,66;1,34;47,61;6,54
14,11.2019 11:47:09;37.5;1.48;288.4;317.6250828937766;278.8;Module 1,7_1;353.27;55,50;35,71;1,38;49,38;6,12
14,11.2019 11:49:16;37.4;1.24;288.4;285.7223849256411;278.95;Module 1,7_1;317.54;46,38;35,52;1,22;43,39;2,98
14,11.2019 11:51:09;37.5;1.45;288.4;308.8667815928131;279.1;Module 1,7_1;343.03;54,38;35,66;1,34;47,73;6,64
14,11.2019 11:56:51;37.3;1.44;288.4;309.47012264822155;279.04;Module 1,7_1;343.03;53,71;35,66;1,34;47,85;5,87
14,11.2019 11:58:46;37.3;1.54;288.4;328.1519330141599;279.19;Module 1,7_1;363.51;57,44;35,77;1,44;51,36;6,09
14,11.2019 12:00:39;37.2;1.54;288.9;339.9112074444773;279.42;Module 1,7_1;376.31;57,29;35,73;1,50;53,46;3,83
14,11.2019 12:02:32;37.5;1.65;288.9;353.993440945018;279.6;Module 1,7_1;391.67;61,88;35,80;1,57;56,10;5,77
14,11.2019 12:05:26;37.5;1.88;290.4;407.5674829160316;279.89;Module 1,7_1;450.55;70,50;35,73;1,84;65,77;4,73
14,11.2019 12:07:19;37.5;1.93;290.4;419.3787122106406;280.03;Module 1,7_1;463.35;72,38;35,77;1,90;67,98;4,40
14,11.2019 12:09:12;37.4;2.11;290.4;454.38060299089153;280.2;Module 1,7_1;501.75;78,91;35,87;2,08;74,53;4,38
14,11.2019 12:11:05;37.2;1.8;290.4;385.03485571617676;280.5;Module 1,7_1;424.95;66,96;35,66;1,73;61,55;5,41
14,11.2019 12:12:58;37.1;1.67;290.4;359.7058284641579;280.57;Module 1,7_1;396.79;61,96;35,55;1,60;56,82;5,14
14,11.2019 12:14:51;37.1;1.42;290.4;311.127389029681;280.58;Module 1,7_1;343.03;52,68;35,31;1,35;47,77;4,92
14,11.2019 12:16:43;37.1;1.43;290.4;313.602677671769;280.53;Module 1,7_1;345.59;53,05;35,33;1,37;48,23;4,83
14,11.2019 12:18:40;37.1;1.56;290.4;341.64973922207383;280.46;Module 1,7_1;376.31;57,88;35,47;1,51;53,45;4,43
14,11.2019 12:20:34;37.1;1.47;291;311.58289581720413;280.43;Module 1,7_1;343.03;54,54;35,21;1,36;47,73;6,81
14,11.2019 12:22:29;37.1;1.36;291;294.81677647470735;280.36;Module 1,7_1;324.42;50,46;35,11;1,27;44,62;5,83
14,11.2019 12:24:22;36.9;1.3;291;278.0205347786223;280.26;Module 1,7_1;305.8;47,97;35,00;1,19;41,52;6,45
14,11.2019 12:32:02;37.1;1.41;291;297.5602956929414;280.29;Module 1,7_1;326.73;52,31;35,13;1,28;45,13;7,18
14,11.2019 12:33:55;37;1.34;291;280.9782576847554;280.29;Module 1,7_1;308.4;49,58;35,02;1,20;42,07;7,51
14,11.2019 12:36:11;36.9;1.51;291;322.0082549274361;280.31;Module 1,7_1;353.27;55,72;35,27;1,41;49,67;6,05
14,11.2019 12:38:04;36.9;1.54;291;324.463630369841;280.49;Module 1,7_1;355.83;56,83;35,28;1,42;50,12;6,70
14,11.2019 12:39:59;37.1;1.67;291;352.6071264369538;280.64;Module 1,7_1;386.55;61,96;35,41;1,56;55,35;6,60
14,11.2019 12:41:52;37.2;2.39;291;509.24783467091476;280.89;Module 1,7_1;558.07;88,91;35,88;2,36;84,58;4,32
14,11.2019 12:43:50;36.9;2.24;291;469.7057493727165;281.39;Module 1,7_1;514.55;82,66;35,80;2,16;77,20;5,46
14,11.2019 12:45:43;36.8;2.1;291;441.8127339395567;281.62;Module 1,7_1;483.83;77,28;35,73;2,01;71,99;5,29
14,11.2019 12:47:36;36.7;2.07;292;434.9432113367694;281.79;Module 1,7_1;476.15;75,97;35,53;1,98;70,40;5,57
14,11.2019 12:49:30;36.6;2.3;292;488.8861091859838;281.86;Module 1,7_1;535.03;84,18;35,66;2,26;80,42;3,76
14,11.2019 12:51:49;36.5;2.52;292;531.1956250150845;282;Module 1,7_1;581.11;91,98;35,74;2,47;88,29;3,69
14,11.2019 12:53:51;36.5;2.7;292;575.8454984489828;282.16;Module 1,7_1;629.75;98,55;35,82;2,70;96,59;1,96
14,11.2019 12:55:44;36.3;2.92;292;626.4678391413718;282.55;Module 1,7_1;684.91;106,00;35,88;2,95;105,99;0,01
14,11.2019 12:57:38;36.1;3.07;294.5;644.1874944686643;282.94;Module 1,7_1;704.08;110,83;35,45;3,05;108,03;2,80
14,11.2019 12:59:30;35.9;2.82;294.5;603.4373983035778;283.28;Module 1,7_1;659.36;101,24;35,41;2,84;100,56;0,68
14,11.2019 13:01:28;35.8;3;294.5;499.16403694856956;283.61;Module 1,7_1;545.27;107,40;35,23;2,31;81,41;25,99
14,11.2019 13:03:21;35.8;2.94;296.5;613.2968958385933;283.53;Module 1,7_1;669.77;105,25;35,06;2,89;101,41;3,84
14,11.2019 13:05:14;35.8;2.97;296.5;689.3266512175258;283.77;Module 1,7_1;752.61;106,33;35,13;3,28;115,20;-8,88
14,11.2019 13:07:31;35.7;3.2;297;676.7412960148017;284.3;Module 1,7_1;738.65;114,24;35,03;3,22;112,66;1,58
14,11.2019 13:09:26;35.6;3;297;581.7993401774036;284.64;Module 1,7_1;634.87;106,80;34,93;2,73;95,47;11,33
14,11.2019 13:11:22;35.5;2.5;297;532.6582859364999;284.6;Module 1,7_1;581.11;88,75;34,85;2,48;86,56;2,19
14,11.2019 13:13:15;35.6;2.13;298.5;417.76954495792734;284.4;Module 1,7_1;455.67;75,83;34,30;1,90;65,27;10,56
14,11.2019 13:15:12;35.2;1.55;298.5;333.3486668653268;283.78;Module 1,7_1;363.51;54,56;33,97;1,48;50,11;4,45
14,11.2019 13:17:05;35.8;1.43;298.5;282.5118555861293;283.27;Module 1,7_1;308.01;51,19;33,67;1,22;41,04;10,16
14,11.2019 13:19:00;36;1.45;298.5;307.6507792894525;282.9;Module 1,7_1;335.35;52,20;33,83;1,35;45,52;6,68
14,11.2019 13:20:54;36.2;1.91;298.5;434.55636880022377;282.58;Module 1,7_1;473.59;69,14;34,35;1,99;68,29;0,85
14,11.2019 13:23:20;36.3;1.57;296.5;328.9291046586966;282.41;Module 1,7_1;358.39;56,99;34,30;1,45;49,76;7,23
14,11.2019 14:03:49;36.5;1.78;290.4;364.99570785401573;281.78;Module 1,7_1;396.79;64,97;35,58;1,62;57,81;7,16
14,11.2019 14:05:42;36.6;2.43;290.4;503.94783966114994;282.27;Module 1,7_1;547.83;88,94;35,98;2,33;83,82;5,12
14,11.2019 14:07:35;36.5;2.7;290.4;581.6739793792113;282.86;Module 1,7_1;632.31;98,55;36,11;2,72;98,37;0,18
14,11.2019 14:09:31;36.3;3.23;291;659.2062019369295;283.45;Module 1,7_1;716.58;117,25;36,09;3,12;112,56;4,68
14,11.2019 14:11:27;36;3.02;291;618.0079298311238;284.07;Module 1,7_1;671.79;108,72;36,05;2,91;104,89;3,83
14,11.2019 14:13:21;35.8;2.78;291;579.3346387542806;284.33;Module 1,7_1;629.75;99,52;36,00;2,71;97,67;1,85
14,11.2019 14:15:16;35.7;2.55;292;534.5858018120392;284.53;Module 1,7_1;581.11;91,03;35,75;2,49;88,92;2,12
14,11.2019 14:17:13;35.6;2.44;292;522.8040089259202;284.79;Module 1,7_1;568.31;86,86;35,73;2,43;86,73;0,13
14,11.2019 14:19:08;35.6;2.54;295;527.5037129008954;285.07;Module 1,7_1;573.43;90,42;35,20;2,45;86,42;4,00
14,11.2019 14:21:01;35.9;2.73;295;574.5880024837528;285.02;Module 1,7_1;624.63;98,01;35,28;2,69;95,04;2,96
14,11.2019 14:23:01;35.6;2.37;295;501.56808423622647;284.95;Module 1,7_1;545.27;84,37;35,15;2,32;81,67;2,70
14,11.2019 14:24:57;35.6;2.6;296.5;550.9962920143138;284.87;Module 1,7_1;599.03;92,56;34,97;2,58;90,10;2,46
14,11.2019 14:26:55;35.8;2.38;296.5;496.812662904837;284.77;Module 1,7_1;540.15;85,20;34,87;2,30;80,24;4,96
14,11.2019 14:28:47;35.7;2.41;296.5;513.2667233219521;284.65;Module 1,7_1;558.07;86,04;34,91;2,38;83,23;2,80
14,11.2019 14:30:40;35.8;2.86;296.5;612.0244845278067;284.68;Module 1,7_1;665.49;102,39;35,05;2,89;101,18;1,20
14,11.2019 14:32:34;35.7;2.72;296.5;579.1150309731466;284.97;Module 1,7_1;629.75;97,10;35,02;2,72;95,21;1,90
14,11.2019 14:34:30;35.6;2.85;296.5;604.6961654740211;285.28;Module 1,7_1;657.62;101,46;35,05;2,85;99,85;1,61
14,11.2019 14:36:27;35.5;2.79;296.5;595.4945650154365;285.55;Module 1,7_1;647.67;99,05;35,04;2,80;98,18;0,86
14,11.2019 14:38:20;35.4;2.78;297;593.0859322439453;285.89;Module 1,7_1;645.11;98,41;34,95;2,79;97,52;0,90
14,11.2019 14:40:37;35.4;2.77;297;588.3068982082713;286.13;Module 1,7_1;639.99;98,06;34,94;2,77;96,65;1,41
14,11.2019 14:42:34;35.4;2.75;297;581.1812624548661;286.26;Module 1,7_1;632.31;97,35;34,93;2,73;95,36;1,99
14,11.2019 14:44:29;35.4;2.74;297;581.1118675413882;286.29;Module 1,7_1;632.31;97,00;34,93;2,73;95,35;1,65
14,11.2019 14:46:23;35.2;2.74;297;581.0384470297297;286.31;Module 1,7_1;632.31;96,45;34,93;2,73;95,33;1,12
14,11.2019 14:48:18;35.2;2.71;298.5;576.2554571135025;286.4;Module 1,7_1;627.19;95,39;34,66;2,71;93,80;1,59
14,11.2019 14:50:14;35.2;2.77;298.5;576.1718008167011;286.44;Module 1,7_1;627.19;97,50;34,65;2,71;93,78;3,72
14,11.2019 14:52:07;35;2.77;298.5;569.0313674456578;286.43;Module 1,7_1;619.51;96,95;34,64;2,67;92,50;4,45
14,11.2019 14:54:15;33.9;2.75;298.5;566.5782908257952;286.36;Module 1,7_1;616.95;93,22;34,63;2,66;92,06;1,17
14,11.2019 14:56:08;33.8;2.76;298.5;566.4835165305691;286.35;Module 1,7_1;616.95;93,29;34,63;2,66;92,04;1,25
14,11.2019 14:58:01;34.8;2.66;298.5;561.6836102715193;286.67;Module 1,7_1;611.83;92,57;34,63;2,63;91,18;1,39
14,11.2019 14:59:53;34.7;2.65;298.5;559.2312749325079;287.02;Module 1,7_1;609.27;91,95;34,63;2,62;90,74;1,22
14,11.2019 15:01:47;34.7;2.64;298.5;556.7731093921826;287.32;Module 1,7_1;606.71;91,61;34,63;2,61;90,29;1,32
14,11.2019 15:03:56;34.8;2.6;298.5;551.9469093910732;287.44;Module 1,7_1;601.59;90,48;34,62;2,58;89,42;1,06
14,11.2019 15:05:50;34.8;2.6;298.5;549.4805259509652;287.33;Module 1,7_1;599.03;90,48;34,61;2,57;88,98;1,50
14,11.2019 15:09:26;34.6;2.57;299;546.896375931703;287.13;Module 1,7_1;596.47;88,92;34,52;2,56;88,31;0,62
14,11.2019 15:11:25;34.8;2.59;299;544.4117857610512;287.15;Module 1,7_1;593.91;90,13;34,51;2,55;87,86;2,27
14,11.2019 15:13:18;34.8;2.54;299;541.9299546642086;287.01;Module 1,7_1;591.35;88,39;34,51;2,53;87,41;0,98
14,11.2019 15:15:19;34.8;2.54;299;539.433939553898;287.14;Module 1,7_1;588.79;88,39;34,50;2,52;86,97;1,43
14,11.2019 15:17:13;33.7;2.53;299;534.5975121408464;287.22;Module 1,7_1;583.67;85,26;34,49;2,50;86,10;-0,84
14,11.2019 15:19:33;34.5;2.52;299;532.0672008979925;287.06;Module 1,7_1;581.11;86,94;34,49;2,48;85,64;1,30
14,11.2019 15:21:31;34.8;2.49;299;527.2177980304087;286.77;Module 1,7_1;575.99;86,65;34,48;2,46;84,77;1,88
14,11.2019 15:23:24;35;2.46;299;524.7149322826518;286.59;Module 1,7_1;573.43;86,10;34,48;2,45;84,32;1,78
14,11.2019 15:25:22;35;2.44;299;524.5422043417748;286.41;Module 1,7_1;573.43;85,40;34,48;2,44;84,29;1,11
14,11.2019 15:27:18;35;2.46;299;519.6843536114756;286.25;Module 1,7_1;568.31;86,10;34,47;2,42;83,42;2,68
14,11.2019 15:29:12;35;2.4;299;514.8266894203392;286.04;Module 1,7_1;563.19;84,00;34,45;2,40;82,55;1,45
14,11.2019 15:31:10;34.9;2.38;299;512.2991470637228;285.84;Module 1,7_1;560.63;83,06;34,45;2,38;82,09;0,97
14,11.2019 15:33:03;35.3;2.35;299;509.77511176737374;285.82;Module 1,7_1;558.07;82,95;34,45;2,37;81,64;1,32
14,11.2019 15:35:07;35.3;2.33;299;509.5653692040555;286;Module 1,7_1;558.07;82,25;34,45;2,37;81,60;0,65
14,11.2019 15:37:41;35.4;2.31;299;502.2856131323069;286.02;Module 1,7_1;550.39;81,77;34,43;2,33;80,29;1,48
14,11.2019 15:39:34;35.4;2.29;298.5;499.74670538981576;286.01;Module 1,7_1;547.83;81,07;34,52;2,32;80,03;1,04
14,11.2019 15:41:36;35.4;2.27;298.5;497.1863876583702;285.89;Module 1,7_1;545.27;80,36;34,51;2,31;79,56;0,79
14,11.2019 15:43:31;35.4;2.25;298.5;494.6340173389547;285.78;Module 1,7_1;542.71;79,65;34,51;2,29;79,11;0,54
14,11.2019 15:45:24;35.4;2.23;298.5;492.08071761263074;285.79;Module 1,7_1;540.15;78,94;34,50;2,28;78,65;0,30
14,11.2019 15:47:17;35.4;2.22;298.5;491.8537730706186;285.96;Module 1,7_1;540.15;78,59;34,50;2,28;78,60;-0,02
14,11.2019 15:49:17;35.4;1.65;298.5;386.75843938775284;286.07;Module 1,7_1;424.95;58,41;34,20;1,75;59,69;-1,28
14,11.2019 15:51:25;35.8;1.29;298.5;302.71215709626773;285.9;Module 1,7_1;332.79;46,18;33,80;1,32;44,64;1,55
14,11.2019 15:55:10;36.9;1.27;298.5;325.6630584578529;285.25;Module 1,7_1;358.39;46,86;33,93;1,44;48,74;-1,88
14,11.2019 15:57:04;37.1;1.78;298.5;423.1336856846486;285.03;Module 1,7_1;465.91;66,04;34,32;1,93;66,23;-0,20
14,11.2019 15:58:58;37.6;1.28;297;318.3312648561317;284.85;Module 1,7_1;350.71;48,13;34,16;1,40;47,74;0,39
14,11.2019 16:44:37;36;1.32;290.4;275.01053774002656;282;Module 1,7_1;309.21;47,52;35,09;1,17;41,06;6,46
14,11.2019 16:46:40;35.1;1.78;290.4;372.8994667102965;282.66;Module 1,7_1;419.83;62,48;35,61;1,66;59,28;3,19
14,11.2019 16:48:47;32.8;1.84;290.4;383.72164327002264;283.28;Module 1,7_1;432.63;60,35;35,65;1,72;61,31;-0,95
14,11.2019 16:50:40;32.8;1.8;290.4;371.8799251482608;283.98;Module 1,7_1;419.83;59,04;35,60;1,66;59,09;-0,05
14,11.2019 16:53:15;29.7;1.72;290.4;355.3395243365462;284.66;Module 1,7_1;401.91;51,08;35,53;1,58;56,00;-4,92
14,11.2019 16:55:08;27.8;1.76;287.4;361.61428516264175;285.09;Module 1,7_1;409.59;48,93;36,10;1,60;57,90;-8,97
14,11.2019 16:57:00;31.7;1.71;287.4;352.05894027417065;285.34;Module 1,7_1;399.35;54,21;36,05;1,56;56,09;-1,88
14,11.2019 16:58:55;31.7;1.61;287.4;333.4855346010809;285.63;Module 1,7_1;378.87;51,04;35,97;1,46;52,57;-1,54
14,11.2019 17:00:58;32.2;1.47;290.4;308.16661706304967;285.89;Module 1,7_1;350.71;47,33;35,30;1,34;47,21;0,12
14,11.2019 17:03:00;33.5;1.36;290.4;289.65512087209623;285.99;Module 1,7_1;330.23;45,56;35,19;1,24;43,78;1,78
14,11.2019 17:04:53;33.5;1.3;290.4;274.274044345403;286.01;Module 1,7_1;313.23;43,55;35,08;1,17;40,93;2,62
16,11.2019 11:06:11;37.3;1.85;290.4;375.65877948430466;280.55;Module 1,7_1;427.51;69,00;35,62;1,68;59,80;9,21
16,11.2019 11:24:18;36.8;1.81;290.4;365.97083949718274;280.53;Module 1,7_1;412.15;66,61;35,58;1,63;57,99;8,62
16,11.2019 11:26:12;35.9;1.78;290.4;359.4960898305616;280.94;Module 1,7_1;404.47;63,90;35,55;1,60;56,78;7,12
16,11.2019 11:28:05;35.8;2.14;290.4;432.70865105036046;281.42;Module 1,7_1;486.39;76,61;35,80;1,97;70,47;6,14
16,11.2019 11:29:58;35.7;2.08;290.4;389.78989093192354;282.05;Module 1,7_1;437.75;74,26;35,67;1,75;62,44;11,82
16,11.2019 11:33:43;36.3;2.36;290.4;477.24180560256616;282.49;Module 1,7_1;535.03;85,67;35,92;2,19;78,81;6,86
16,11.2019 11:35:36;35.7;1.25;290.4;436.5069063929314;282.87;Module 1,7_1;488.95;44,63;35,82;1,99;71,18;-26,56
16,11.2019 11:37:29;35.6;2.19;292;443.7285367456483;282.96;Module 1,7_1;496.63;77,96;35,55;2,03;72,03;5,94
16,11.2019 11:45:07;38.7;1.99;292;461.18873980236066;281.88;Module 1,7_1;514.55;77,01;35,60;2,11;75,27;1,74
16,11.2019 11:47:00;38.1;2.07;292;456.9338741228762;282.22;Module 1,7_1;509.43;78,87;35,59;2,09;74,48;4,38
16,11.2019 11:48:55;37.4;2.05;292;413.6068514098115;282.56;Module 1,7_1;460.79;76,67;35,46;1,87;66,43;10,24
16,11.2019 11:50:42;37.1;2.27;292;455.26944051798887;282.85;Module 1,7_1;506.87;84,22;35,59;2,08;74,17;10,04
16,11.2019 11:52:35;36.5;2.28;292;464.7842600901068;283.09;Module 1,7_1;517.11;83,22;35,61;2,13;75,94;7,28
16,11.2019 11:54:53;36.2;2.4;292;497.40175394981964;283.6;Module 1,7_1;552.95;86,88;35,68;2,30;82,01;4,87
16,11.2019 11:56:49;36.1;2.44;294.5;516.1678342628309;284.08;Module 1,7_1;573.43;88,08;35,27;2,40;84,54;3,55
16,11.2019 11:58:42;36.3;2.19;294.5;477.29591389472495;284.36;Module 1,7_1;529.91;79,50;35,19;2,20;77,40;2,10
16,11.2019 12:00:36;35.9;2.41;294.5;484.51576863814523;284.73;Module 1,7_1;537.59;86,52;35,20;2,24;78,72;7,80
16,11.2019 12:02:29;36.1;1.7;296.5;348.5980802783215;285.01;Module 1,7_1;386.55;61,37;34,41;1,55;53,32;8,05
16,11.2019 12:08:42;36.3;1.81;296.5;432.53037242305595;283.8;Module 1,7_1;478.71;65,70;34,71;1,97;68,55;-2,85
16,11.2019 12:10:36;37.1;1.38;296.5;275.1240776098346;283.71;Module 1,7_1;304.33;51,20;33,98;1,18;40,06;11,14
16,11.2019 12:12:31;36.6;2.17;296.5;421.42670192578794;283.73;Module 1,7_1;465.91;79,42;34,68;1,92;66,53;12,89
16,11.2019 12:14:23;36.3;2.83;296.5;576.8690041703425;283.97;Module 1,7_1;637.43;102,73;35,01;2,71;94,80;7,93
16,11.2019 14:04:22;35.7;2.52;292;472.4952728179262;282.64;Module 1,7_1;514.55;89,96;35,63;2,17;77,38;12,59
16,11.2019 14:08:14;36;2.02;292;362.02639612924145;283.84;Module 1,7_1;394.23;72,72;35,27;1,61;56,86;15,86
16,11.2019 14:13:56;36;2.46;292;503.08759058503557;284.11;Module 1,7_1;547.83;88,56;35,70;2,33;83,06;5,50
16,11.2019 14:15:50;36.3;1.75;294.5;519.5394833508984;284.59;Module 1,7_1;565.75;63,52;35,27;2,41;85,16;-21,63
16,11.2019 15:24:06;37.1;1.6;292;286.07065403209754;283.35;Module 1,7_1;313.28;59,36;34,88;1,23;42,83;16,53
16,11.2019 15:26:00;37.8;2.39;294.5;413.6183327021043;283.71;Module 1,7_1;453.11;90,34;35,02;1,88;65,71;24,64
16,11.2019 15:27:55;36.8;2.44;294.5;581.6713855272751;284.5;Module 1,7_1;637.43;89,79;35,38;2,73;96,56;-6,77
16,11.2019 15:29:52;36.3;1.69;294.5;354.94298956207746;285.42;Module 1,7_1;389.11;61,35;34,79;1,58;54,95;6,39
16,11.2019 15:31:45;36.5;2.6;295;557.9022420523793;286.15;Module 1,7_1;611.83;94,90;35,25;2,61;91,99;2,91
16,11.2019 15:33:41;36.5;2.46;295;518.0169707638086;286.77;Module 1,7_1;568.31;89,79;35,18;2,41;84,68;5,11
16,11.2019 15:35:45;36.4;2.58;297;541.1188621117037;287.5;Module 1,7_1;593.91;93,91;34,87;2,53;88,09;5,82
16,11.2019 15:37:41;35.6;1.97;297;505.92156767701465;288.06;Module 1,7_1;555.51;70,13;34,80;2,35;81,71;-11,58
16,11.2019 15:39:34;35.8;2.02;297;361.21864935935974;288.62;Module 1,7_1;396.79;72,32;34,37;1,61;55,48;16,83
17,11.2019 15:09:18;36.9;1.3;288.9;275.7606903430671;283.48;Module 1,7_1;301.6;47,97;35,36;1,17;41,45;6,52
17,11.2019 15:13:16;36.5;1.27;291;274.378219451507;284.27;Module 1,7_1;300.25;46,36;34,98;1,17;40,85;5,51
18,11.2019 11:45:23;38.7;1.69;286.4;366.29441101209864;280.08;Module 1,7_1;409.59;65,40;36,30;1,63;59,03;6,38
18,11.2019 11:47:17;38.6;1.99;288.9;410.1033469845497;280.74;Module 1,7_1;458.23;76,81;36,01;1,85;66,67;10,15
18,11.2019 11:49:11;38.5;2.01;288.9;421.87086086516547;281.32;Module 1,7_1;471.03;77,38;36,05;1,91;68,89;8,50
18,11.2019 11:51:25;37.4;1.03;288.9;314.37431846989045;281.69;Module 1,7_1;350.71;38,52;35,60;1,37;48,67;-10,15
18,11.2019 11:53:17;37.3;1.78;290.4;353.6294320999391;281.98;Module 1,7_1;394.23;66,39;35,52;1,57;55,68;10,71
18,11.2019 11:58:59;37.2;1.63;292;354.341670062537;282.1;Module 1,7_1;394.23;60,64;35,24;1,57;55,44;5,20
18,11.2019 12:00:51;36.7;1.65;292;352.26208884045343;282.17;Module 1,7_1;391.67;60,55;35,23;1,56;55,05;5,50
18,11.2019 12:03:02;36.8;1.79;292;380.1637424529679;282.2;Module 1,7_1;422.39;65,87;35,34;1,70;60,23;5,65
18,11.2019 12:04:59;36.9;2.23;292;486.45492814713725;282.44;Module 1,7_1;540.15;82,29;35,66;2,24;79,97;2,32
18,11.2019 12:06:54;36.7;0.68;292;339.1050122455188;282.5;Module 1,7_1;376.31;24,96;35,17;1,50;52,62;-27,66
18,11.2019 12:08:47;36.7;2.32;292;489.3347062027217;282.26;Module 1,7_1;542.71;85,14;35,66;2,26;80,51;4,64
18,11.2019 12:16:22;37.2;1.85;292;344.66840011954395;282;Module 1,7_1;381.43;68,82;35,20;1,52;53,65;15,17
18,11.2019 12:20:15;37.1;2.62;292;560.3854361384787;282.07;Module 1,7_1;619.51;97,20;35,80;2,62;93,71;3,49
18,11.2019 12:24:16;36.2;2.36;292;445.05686577192273;282.38;Module 1,7_1;491.51;85,43;35,55;2,03;72,28;13,16
18,11.2019 12:26:10;36.7;2.68;294.5;597.1042339422899;282.71;Module 1,7_1;659.12;98,36;35,40;2,81;99,39;-1,04
18,11.2019 12:28:03;36.9;2.85;294.5;573.0752138660555;282.78;Module 1,7_1;632.31;105,17;35,37;2,69;94,99;10,18
18,11.2019 12:31:49;37;1.63;294.5;408.6978324710673;282.73;Module 1,7_1;450.55;60,31;35,00;1,85;64,80;-4,49
18,11.2019 12:33:42;36.8;1.59;294.5;457.6557627864136;282.9;Module 1,7_1;504.31;58,51;35,14;2,10;73,79;-15,28
18,11.2019 12:35:34;36.6;1.58;294.5;525.2405435824762;283.23;Module 1,7_1;578.55;57,83;35,29;2,44;86,20;-28,37
18,11.2019 12:45:37;36.9;1.33;294.5;516.9845415143475;282.14;Module 1,7_1;568.31;49,08;35,27;2,40;84,69;-35,61
18,11.2019 12:51:15;36.9;2.95;294.5;627.2088220511462;282.53;Module 1,7_1;688.78;108,86;35,43;2,96;104,91;3,94
18,11.2019 12:53:42;36.5;2.78;294.5;590.0184331790754;283.53;Module 1,7_1;647.67;101,47;35,39;2,77;98,09;3,38
18,11.2019 12:55:35;36.4;1.23;294.5;342.91908984460207;284;Module 1,7_1;376.31;44,77;34,73;1,52;52,75;-7,98
18,11.2019 12:57:27;36.4;2.79;295;592.7098007556388;284.09;Module 1,7_1;650.23;101,56;35,30;2,79;98,36;3,20
18,11.2019 12:59:20;36.3;0.6;295;529.8587490137379;284.31;Module 1,7_1;581.11;21,78;35,20;2,47;86,85;-65,07
18,11.2019 13:01:18;36.2;2.87;295;609.2016218599597;284.52;Module 1,7_1;667.93;103,89;35,32;2,87;101,38;2,52
18,11.2019 13:03:12;36;2.88;296.5;607.3814272316444;284.75;Module 1,7_1;665.75;103,68;35,05;2,86;100,34;3,34
18,11.2019 13:06:58;36;2.86;297;607.5172642134955;284.98;Module 1,7_1;665.55;102,96;34,96;2,86;100,13;2,83
18,11.2019 13:09:21;35.9;2.87;297;612.2923045558033;285.42;Module 1,7_1;670.57;103,03;34,97;2,89;100,99;2,04
18,11.2019 13:11:14;35.8;2.9;297;617.4897411262757;285.67;Module 1,7_1;676.1;103,82;34,98;2,91;101,94;1,88
18,11.2019 13:13:08;35.8;1.6;298.5;474.7314809850486;285.89;Module 1,7_1;519.67;57,28;34,46;2,19;75,52;-18,24
18,11.2019 13:18:50;35;1.23;298.5;296.6053855875073;284.61;Module 1,7_1;324.47;43,05;33,77;1,29;43,55;-0,50
18,11.2019 13:20:47;36.3;2.91;298.5;622.9028438182042;284.67;Module 1,7_1;681.28;105,63;34,71;2,94;102,19;3,45
18,11.2019 13:22:39;36.1;0.98;298.5;421.3866343157921;284.79;Module 1,7_1;460.79;35,38;34,31;1,92;65,92;-30,54
18,11.2019 13:30:21;36.1;1.76;296.5;585.6792023303772;282.82;Module 1,7_1;639.99;63,54;35,02;2,75;96,40;-32,86
18,11.2019 13:32:15;36.2;3.32;296.5;662.7186209166069;283.25;Module 1,7_1;724.06;120,18;35,11;3,14;110,38;9,80
18,11.2019 13:34:08;36.3;3.46;296.5;720.9272987452676;284.16;Module 1,7_1;787.54;125,60;35,16;3,44;120,92;4,68
18,11.2019 13:40:09;36.8;2.98;296.5;635.5504009975346;284.28;Module 1,7_1;693.98;109,66;35,09;3,01;105,45;4,21
18,11.2019 13:45:48;36.7;2.61;296.5;518.288650639855;283.75;Module 1,7_1;565.75;95,79;34,91;2,41;84,15;11,64
18,11.2019 13:47:50;36.7;3.14;296.5;667.1706115895863;284.09;Module 1,7_1;728.19;115,24;35,12;3,17;111,19;4,05
18,11.2019 13:49:42;36.2;3.31;296.5;685.7749159189311;284.57;Module 1,7_1;748.43;119,82;35,13;3,26;114,56;5,26
18,11.2019 15:08:34;38.2;1.85;288.4;449.03411809934795;281.91;Module 1,7_1;491.51;70,67;36,21;2,05;74,17;-3,50
18,11.2019 15:11:01;37.9;2.5;288.9;303.9308858841872;282.59;Module 1,7_1;332.79;94,75;35,55;1,31;46,71;48,04
18,11.2019 15:14:48;35.8;2.33;290.4;551.4608765223962;282.78;Module 1,7_1;604.15;83,41;36,06;2,57;92,72;-9,30
18,11.2019 15:16:44;39.2;2.47;290.4;614.9753785452278;283.41;Module 1,7_1;673.93;96,82;36,15;2,89;104,60;-7,78
18,11.2019 15:18:36;38.2;2.46;290.4;593.1747715996544;284.4;Module 1,7_1;650.23;93,97;36,13;2,78;100,53;-6,55
18,11.2019 15:20:30;37.4;1.91;292;520.6172475383191;285.03;Module 1,7_1;570.87;71,43;35,73;2,42;86,32;-14,89
18,11.2019 15:22:38;37.9;1.43;292;555.4364867698198;285.2;Module 1,7_1;609.27;54,20;35,79;2,59;92,80;-38,60
18,11.2019 15:45:29;38.2;1.4;292;473.7779825405388;282.1;Module 1,7_1;522.23;53,48;35,63;2,18;77,61;-24,13
18,11.2019 15:47:22;39.8;1.94;292;536.2215055838253;282.74;Module 1,7_1;591.35;77,21;35,76;2,50;89,22;-12,01
18,11.2019 15:49:18;39.9;1.3;292;559.1437937579639;283.71;Module 1,7_1;616.95;51,87;35,79;2,61;93,48;-41,61
18,11.2019 15:55:04;36.9;0.6;292;421.55788892908305;283.72;Module 1,7_1;465.91;22,14;35,48;1,91;67,91;-45,77
18,11.2019 15:56:58;38.2;0.67;292;319.4553421397374;283.71;Module 1,7_1;353.27;25,59;35,07;1,40;48,99;-23,39
18,11.2019 15:58:52;40.4;0.6;294.5;499.723323106738;284.16;Module 1,7_1;552.95;24,24;35,23;2,31;81,52;-57,28
18,11.2019 16:00:44;40.4;0.54;294.5;480.9234489979308;284.67;Module 1,7_1;532.47;21,82;35,20;2,22;78,06;-56,25
18,11.2019 17:00:58;33.2;1.47;288.4;317.3280184011985;281.89;Module 1,7_1;363.51;48,80;35,71;1,38;49,32;-0,52
18,11.2019 17:02:58;33.7;0.97;288.4;274.76243535658534;282.3;Module 1,7_1;315.34;32,69;35,45;1,17;41,34;-8,65
18,11.2019 17:04:56;32.5;1.35;288.4;293.8647848748065;282.84;Module 1,7_1;337.91;43,88;35,57;1,26;44,92;-1,04
18,11.2019 17:07:04;32;1.39;288.4;295.45115602867907;283.44;Module 1,7_1;340.47;44,48;35,59;1,27;45,22;-0,74
18,11.2019 17:08:57;32.2;1.27;288.4;274.087647668546;283.78;Module 1,7_1;316.48;40,89;35,44;1,16;41,22;-0,32
18,11.2019 17:10:54;31.6;1.23;288.4;259.6483632875237;284.1;Module 1,7_1;300.45;38,87;35,33;1,09;38,52;0,35
20,11.2019 14:08:37;36.8;1.54;288.4;279.1496640485622;280.56;Module 1,7_1;305.01;56,67;35,48;1,19;42,16;14,51
20,11.2019 14:10:29;37;2.32;288.9;445.15584323610756;281.17;Module 1,7_1;486.39;85,84;36,11;2,03;73,28;12,56
20,11.2019 14:12:22;36.9;3.12;288.9;651.9160192927218;282.1;Module 1,7_1;712.3;115,13;36,45;3,08;112,26;2,87
20,11.2019 14:29:17;36.7;1.96;292;313.85305494315713;281.32;Module 1,7_1;343.03;71,93;35,04;1,37;47,95;23,98
20,11.2019 14:31:10;37.1;1.23;292;585.512092502688;281.68;Module 1,7_1;639.99;45,63;35,83;2,75;98,38;-52,75
20,11.2019 14:37:01;37.1;0.68;292;320.76782684454975;281.92;Module 1,7_1;350.71;25,23;35,08;1,40;49,23;-24,00
20,11.2019 14:38:54;36.3;0.84;292;442.475904886553;282.02;Module 1,7_1;483.83;30,49;35,55;2,02;71,80;-41,30
20,11.2019 14:40:49;37.5;2.43;292;557.1297437190699;282.44;Module 1,7_1;609.27;91,13;35,79;2,60;93,11;-1,98
20,11.2019 14:42:41;36.7;2.61;292;519.6121527303019;282.96;Module 1,7_1;568.31;95,79;35,73;2,41;86,14;9,65
20,11.2019 14:44:34;36.1;2.62;292;561.6703567130581;283.54;Module 1,7_1;614.39;94,58;35,80;2,62;93,95;0,63
20,11.2019 14:46:28;35.9;2.3;292;334.61132916360435;284.19;Module 1,7_1;366.07;82,57;35,15;1,47;51,79;30,78
20,11.2019 14:48:21;36.5;2.54;292;552.1501753342015;284.35;Module 1,7_1;604.15;92,71;35,78;2,58;92,18;0,53
20,11.2019 14:50:14;36;2.54;292;542.7067676917588;284.61;Module 1,7_1;593.91;91,44;35,77;2,53;90,43;1,01
20,11.2019 14:52:09;35.7;2.53;292;556.6490081383591;284.9;Module 1,7_1;609.27;90,32;35,79;2,60;93,02;-2,70
20,11.2019 14:54:07;35.7;2.54;295;551.8707831157126;285.14;Module 1,7_1;604.15;90,68;35,24;2,58;90,88;-0,21
20,11.2019 14:56:05;35.6;2.47;295;540.074810564785;285.4;Module 1,7_1;591.35;87,93;35,23;2,52;88,72;-0,79
20,11.2019 14:58:06;35.6;2.49;296.5;542.3005293835732;285.53;Module 1,7_1;593.91;88,64;34,96;2,53;88,51;0,13
20,11.2019 14:59:59;35.5;2.4;296.5;521.1568370680395;285.6;Module 1,7_1;570.87;85,20;34,92;2,42;84,67;0,53
20,11.2019 15:01:52;35.5;2.44;296.5;530.3923958891323;285.78;Module 1,7_1;581.11;86,62;34,94;2,47;86,35;0,27
20,11.2019 15:03:45;35.9;2.2;297;539.6188240453229;285.85;Module 1,7_1;591.35;78,98;34,86;2,52;87,82;-8,84
20,11.2019 15:05:39;37.5;2.07;297;511.46653737307065;285.91;Module 1,7_1;560.63;77,63;34,81;2,38;82,71;-5,09
20,11.2019 15:07:31;36.7;1.93;298.5;450.63538417365754;285.79;Module 1,7_1;494.07;70,83;34,40;2,07;71,18;-0,35
20,11.2019 15:09:24;35.3;2.04;298.5;518.218277232641;285.57;Module 1,7_1;568.31;72,01;34,55;2,41;83,35;-11,34
20,11.2019 15:11:18;38.1;2.04;298.5;518.0812373792724;285.72;Module 1,7_1;568.31;77,72;34,55;2,41;83,33;-5,60
20,11.2019 15:13:11;38;1.9;298.5;517.940000703431;285.89;Module 1,7_1;568.31;72,20;34,55;2,41;83,30;-11,10
20,11.2019 15:15:03;39.4;1.45;298.5;513.1297186215161;286.17;Module 1,7_1;563.19;57,13;34,55;2,39;82,44;-25,31
20,11.2019 15:16:59;39.5;1.4;300.5;503.64780503874954;286.28;Module 1,7_1;552.95;55,30;34,16;2,34;79,97;-24,67
20,11.2019 15:18:52;39.4;1.7;300.5;501.1629986168293;286.5;Module 1,7_1;550.39;66,98;34,16;2,33;79,52;-12,54
20,11.2019 15:20:44;37.1;2.08;300.5;498.6754685482407;286.58;Module 1,7_1;547.83;77,17;34,15;2,32;79,08;-1,91
20,11.2019 15:22:38;37.6;1.39;300.5;491.5218586442225;286.76;Module 1,7_1;540.15;52,26;34,13;2,28;77,80;-25,54
20,11.2019 15:24:31;40;1.19;300.5;489.0261105937638;286.85;Module 1,7_1;537.59;47,60;34,13;2,27;77,36;-29,76
20,11.2019 15:26:24;40.1;1.19;300.5;488.8541000344348;286.74;Module 1,7_1;537.59;47,72;34,13;2,27;77,33;-29,61
20,11.2019 15:28:17;37.4;1.84;301;484.02203289542786;286.71;Module 1,7_1;532.47;68,82;34,03;2,24;76,29;-7,47
20,11.2019 15:30:10;37.3;1.87;301;486.166025642436;286.71;Module 1,7_1;535.03;69,75;34,03;2,25;76,67;-6,92
20,11.2019 15:32:03;37.9;0.89;302.5;465.0491904395598;286.85;Module 1,7_1;511.99;33,73;33,71;2,15;72,39;-38,66
20,11.2019 15:33:56;40.3;1.38;302.5;471.83519799101697;286.92;Module 1,7_1;519.67;55,61;33,73;2,18;73,59;-17,97
20,11.2019 15:35:49;38.6;1.57;302.5;473.962501594581;287.12;Module 1,7_1;522.23;60,60;33,73;2,19;73,96;-13,36
20,11.2019 15:37:42;38.9;1.42;300.5;464.4694871838841;287.18;Module 1,7_1;511.99;55,24;34,07;2,14;72,98;-17,75
20,11.2019 15:39:35;37.5;1.87;300.5;464.2636242824195;287.23;Module 1,7_1;511.99;70,13;34,07;2,14;72,95;-2,82
20,11.2019 15:41:29;38.4;0.78;300.5;457.0884183325825;287.34;Module 1,7_1;504.31;29,95;34,05;2,10;71,67;-41,72
20,11.2019 15:43:21;40.2;0.62;300.5;454.5552462383346;287.4;Module 1,7_1;501.75;24,92;34,05;2,09;71,22;-46,29
23,11.2019 11:02:57;40.4;0.9;288.4;275.58115841430686;279.63;Module 1,7_1;317.64;36,36;35,45;1,17;41,50;-5,14
23,11.2019 11:04:49;37.7;1.51;288.4;280.92154100727674;279.76;Module 1,7_1;323.34;56,93;35,48;1,20;42,49;14,43
23,11.2019 11:06:42;37;1.59;288.4;291.7590370572459;279.95;Module 1,7_1;335.35;58,83;35,56;1,25;44,52;14,31
23,11.2019 11:08:44;37;1.56;286.9;289.9524126613259;280.03;Module 1,7_1;332.79;57,72;35,82;1,24;44,45;13,27
23,11.2019 11:10:38;37.1;1.61;286.9;294.8020723005293;280.05;Module 1,7_1;337.91;59,73;35,85;1,27;45,36;14,37
23,11.2019 11:12:32;36.7;1.68;286.9;308.5988317406876;280.16;Module 1,7_1;353.27;61,66;35,93;1,34;47,97;13,69
23,11.2019 11:14:27;36.7;1.7;288.4;313.4668690680258;280.21;Module 1,7_1;358.39;62,39;35,69;1,36;48,60;13,79
23,11.2019 11:16:24;36.6;1.73;288.4;320.5848928635219;280.42;Module 1,7_1;366.07;63,32;35,73;1,40;49,93;13,38
23,11.2019 11:18:16;36.6;1.74;288.4;327.69264016958607;280.46;Module 1,7_1;373.75;63,68;35,77;1,43;51,27;12,41
23,11.2019 11:20:10;36.5;1.76;288.4;330.3192398972712;280.55;Module 1,7_1;376.31;64,24;35,77;1,45;51,76;12,48
23,11.2019 11:22:04;36.2;1.81;288.4;332.94175159785783;280.67;Module 1,7_1;378.87;65,52;35,79;1,46;52,26;13,26
23,11.2019 11:24:48;36;1.85;288.4;340.2256582906929;280.84;Module 1,7_1;386.55;66,60;35,83;1,50;53,63;12,97
23,11.2019 11:26:40;35.8;1.87;288.4;345.0915471385347;280.96;Module 1,7_1;391.67;66,95;35,84;1,52;54,54;12,40
23,11.2019 11:28:33;35.6;1.91;288.9;349.9614832052015;281.06;Module 1,7_1;396.79;68,00;35,78;1,55;55,35;12,65
23,11.2019 11:30:27;35.6;1.94;288.9;354.83527407993506;281.3;Module 1,7_1;401.91;69,06;35,80;1,57;56,26;12,80
23,11.2019 11:32:23;35.3;1.97;288.9;359.7157976692989;281.51;Module 1,7_1;407.03;69,54;35,82;1,60;57,18;12,36
23,11.2019 11:34:16;35.4;2;288.9;366.85216603987686;281.72;Module 1,7_1;414.71;70,80;35,85;1,63;58,52;12,28
23,11.2019 11:36:09;35.2;2.02;288.9;369.4598808230728;282;Module 1,7_1;417.27;71,10;35,86;1,65;59,01;12,09
23,11.2019 11:38:12;35.1;2.07;291;376.63115061101587;282.35;Module 1,7_1;424.95;72,66;35,52;1,68;59,83;12,83
23,11.2019 11:40:06;35;2.09;291;383.7797476321802;282.67;Module 1,7_1;432.63;73,15;35,54;1,72;61,16;11,99
23,11.2019 11:41:59;35.2;2.13;291;390.9294942230696;283.12;Module 1,7_1;440.31;74,98;35,56;1,76;62,49;12,48
23,11.2019 11:43:52;35;2.15;291;395.80834928664774;283.57;Module 1,7_1;445.43;75,25;35,59;1,78;63,40;11,85
23,11.2019 11:45:48;35;2.18;291;402.97254832716567;283.87;Module 1,7_1;453.11;76,30;35,61;1,82;64,74;11,56
23,11.2019 11:47:41;35;2.2;292;403.2958949374283;284.04;Module 1,7_1;453.11;77,00;35,43;1,82;64,52;12,48
23,11.2019 11:49:34;34.8;2.2;292;401.3315528713829;284.22;Module 1,7_1;450.55;76,56;35,42;1,81;64,15;12,41
23,11.2019 11:51:40;34.8;2.24;292;406.2380930155827;284.5;Module 1,7_1;455.67;77,95;35,44;1,84;65,06;12,89
23,11.2019 11:53:34;34.8;2.29;292;415.67949052481333;284.54;Module 1,7_1;465.91;79,69;35,47;1,88;66,82;12,87
23,11.2019 11:55:42;34.8;2.32;294.5;420.59336054762736;284.52;Module 1,7_1;471.03;80,74;35,03;1,91;66,98;13,75
23,11.2019 11:57:36;34.8;2.33;294.5;420.89393532257446;284.65;Module 1,7_1;471.03;81,08;35,04;1,91;67,04;14,04
23,11.2019 11:59:29;35;2.36;294.5;432.63059026605356;284.82;Module 1,7_1;483.83;82,60;35,07;1,97;69,19;13,41
23,11.2019 12:01:24;34.8;2.3;294.5;423.76532188840656;284.83;Module 1,7_1;473.59;80,04;35,05;1,93;67,57;12,47
23,11.2019 12:03:19;34.9;2.35;294.5;435.51077973412464;284.85;Module 1,7_1;486.39;82,02;35,08;1,99;69,72;12,29
23,11.2019 12:05:52;35;2.39;294.5;454.24257026334703;284.9;Module 1,7_1;506.87;83,65;35,13;2,08;73,16;10,49
23,11.2019 12:07:50;35.2;2.4;294.5;459.1296482443241;285.14;Module 1,7_1;511.99;84,48;35,14;2,11;74,06;10,42
23,11.2019 12:09:43;35.3;2.48;294.5;477.78573460117934;285.33;Module 1,7_1;532.47;87,54;35,19;2,20;77,49;10,06
23,11.2019 12:11:39;35.2;2.51;295;480.375583984308;285.43;Module 1,7_1;535.03;88,35;35,10;2,22;77,78;10,57
23,11.2019 12:13:32;36.2;2.37;295;469.1550411250083;285.49;Module 1,7_1;522.23;85,79;35,08;2,16;75,73;10,06
23,11.2019 12:15:25;36.4;2.18;296.5;444.10832412967824;285.49;Module 1,7_1;494.07;79,35;34,74;2,03;70,66;8,69
23,11.2019 12:17:18;36.4;2.15;296.5;439.74908055761784;285.42;Module 1,7_1;488.95;78,26;34,73;2,01;69,86;8,40
23,11.2019 12:19:13;36.2;2.17;296.5;435.3832948222182;285.44;Module 1,7_1;483.83;78,55;34,72;1,99;69,07;9,48
23,11.2019 12:21:07;36.2;2.13;296.5;428.6999905942756;285.41;Module 1,7_1;476.15;77,11;34,70;1,96;67,86;9,25
23,11.2019 12:23:02;36;2.23;296.5;445.0668905474302;285.43;Module 1,7_1;494.07;80,28;34,74;2,04;70,83;9,45
23,11.2019 12:25:00;35.8;2.24;296.5;445.299877790411;285.49;Module 1,7_1;494.07;80,19;34,74;2,04;70,87;9,32
23,11.2019 12:26:54;35.7;2.25;296.5;447.8279531427264;285.5;Module 1,7_1;496.63;80,33;34,75;2,05;71,33;8,99
23,11.2019 12:28:46;35.9;2.24;296.5;457.2778219111475;285.51;Module 1,7_1;506.87;80,42;34,78;2,10;73,05;7,36
23,11.2019 12:30:39;36;2.38;296.5;480.5967239730941;285.63;Module 1,7_1;532.47;85,68;34,84;2,22;77,29;8,39
23,11.2019 12:32:33;35.9;2.4;296.5;490.0635059068717;285.82;Module 1,7_1;542.71;86,16;34,86;2,27;79,01;7,15
23,11.2019 12:34:50;36.2;2.41;297;494.95167968270476;285.85;Module 1,7_1;547.83;87,24;34,77;2,29;79,72;7,52
23,11.2019 12:36:42;36;2.45;297;504.4178995999294;285.9;Module 1,7_1;558.07;88,20;34,80;2,34;81,44;6,76
23,11.2019 12:38:37;35.9;2.5;297;513.8922768899839;285.95;Module 1,7_1;568.31;89,75;34,81;2,39;83,16;6,59
23,11.2019 12:40:31;36.2;2.49;297;523.3670182287344;286.02;Module 1,7_1;578.55;90,14;34,84;2,44;84,87;5,26
23,11.2019 12:42:23;36.2;2.54;297;528.206638225651;286.1;Module 1,7_1;583.67;91,95;34,84;2,46;85,75;6,20
23,11.2019 12:44:17;36;2.52;298.5;528.4129309944901;286.28;Module 1,7_1;583.67;90,72;34,57;2,46;85,19;5,53
23,11.2019 12:46:20;35.8;2.54;298.5;523.9923170644258;286.5;Module 1,7_1;578.55;90,93;34,56;2,44;84,39;6,54
23,11.2019 12:48:40;35.9;2.55;298.5;528.8685200105418;286.49;Module 1,7_1;583.67;91,54;34,57;2,47;85,27;6,28
23,11.2019 12:50:49;35.9;2.53;298.5;526.7612543025149;286.55;Module 1,7_1;581.11;90,83;34,57;2,46;84,89;5,94
23,11.2019 12:52:43;35.9;2.54;298.5;529.2648813522969;286.67;Module 1,7_1;583.67;91,19;34,58;2,47;85,34;5,85
23,11.2019 12:54:37;35.8;2.49;298.5;524.7985730069856;286.83;Module 1,7_1;578.55;89,14;34,56;2,45;84,54;4,61
23,11.2019 12:56:30;35.8;2.54;298.5;534.2602372981809;286.88;Module 1,7_1;588.79;90,93;34,59;2,49;86,24;4,69
23,11.2019 12:58:23;35.8;2.63;298.5;557.664804817911;286.88;Module 1,7_1;614.39;94,15;34,63;2,61;90,45;3,70
23,11.2019 13:00:19;36;2.67;298.5;560.1640692834112;286.86;Module 1,7_1;616.95;96,12;34,63;2,63;90,90;5,22
23,11.2019 13:02:15;35.8;2.69;298.5;562.6595100232514;286.91;Module 1,7_1;619.51;96,30;34,63;2,64;91,35;4,95
23,11.2019 13:04:08;35.8;2.66;298.5;555.8439017595359;286.97;Module 1,7_1;611.83;95,23;34,62;2,60;90,13;5,10
23,11.2019 13:05:55;35.8;2.54;298.5;530.4006427681975;287.13;Module 1,7_1;583.67;90,93;34,58;2,47;85,55;5,39
23,11.2019 13:07:48;35.6;2.18;298.5;463.061345994662;287.13;Module 1,7_1;509.43;77,61;34,43;2,13;73,42;4,19
23,11.2019 13:09:45;35.9;2.68;298.5;567.9294800605297;287.24;Module 1,7_1;624.63;96,21;34,64;2,66;92,30;3,91
23,11.2019 13:11:38;35.8;2.6;298.5;542.462796692842;287.33;Module 1,7_1;596.47;93,08;34,59;2,54;87,72;5,36
23,11.2019 13:13:30;35.8;2.63;299;561.2243675197592;287.57;Module 1,7_1;616.95;94,15;34,54;2,63;90,88;3,28
23,11.2019 13:15:23;35.6;2.51;299;533.4050439799676;287.71;Module 1,7_1;586.23;89,36;34,49;2,49;85,88;3,47
23,11.2019 13:17:22;35.6;2.28;299;489.2652266851978;287.74;Module 1,7_1;537.59;81,17;34,41;2,27;77,96;3,21
23,11.2019 13:19:21;35.7;2.55;299;547.6384358393766;287.73;Module 1,7_1;601.59;91,03;34,52;2,56;88,44;2,60
23,11.2019 13:21:35;35.7;2.46;299;517.4718115259849;287.64;Module 1,7_1;568.31;87,82;34,46;2,41;83,02;4,80
23,11.2019 13:23:28;35.7;2.45;299;515.2444099175711;287.57;Module 1,7_1;565.75;87,47;34,46;2,40;82,62;4,84
23,11.2019 13:25:27;35.8;2.38;299;489.69776533181084;287.52;Module 1,7_1;537.59;85,20;34,41;2,27;78,03;7,17
23,11.2019 13:27:20;35.8;2.23;299;473.46166274544953;287.42;Module 1,7_1;519.67;79,83;34,37;2,19;75,12;4,72
23,11.2019 13:29:13;35.8;2.4;299;529.5321510870843;287.39;Module 1,7_1;581.11;85,92;34,48;2,47;85,19;0,73
23,11.2019 13:31:05;35.8;2.35;299;499.28966231718175;287.52;Module 1,7_1;547.83;84,13;34,42;2,32;79,76;4,37
23,11.2019 13:32:58;35.6;1.99;299;422.36312409338626;287.55;Module 1,7_1;463.35;70,84;34,23;1,93;65,94;4,90
23,11.2019 13:34:52;35.7;1.98;299;413.09291845595425;287.38;Module 1,7_1;453.11;70,69;34,20;1,88;64,28;6,41
23,11.2019 13:36:55;35.9;2.12;299;455.1753659216483;287.36;Module 1,7_1;499.19;76,11;34,32;2,09;71,83;4,28
23,11.2019 13:38:50;35.9;2.05;299;434.22756691723487;287.42;Module 1,7_1;476.15;73,59;34,27;1,99;68,07;5,52
23,11.2019 13:40:43;35.8;1.94;299;431.94898156868015;287.39;Module 1,7_1;473.59;69,45;34,26;1,98;67,66;1,79
23,11.2019 13:42:36;35.8;2.08;298.5;448.34807950335244;287.36;Module 1,7_1;491.51;74,46;34,39;2,06;70,77;3,69
23,11.2019 13:44:32;35.8;1.97;298.5;422.71059189971623;287.5;Module 1,7_1;463.35;70,53;34,32;1,93;66,16;4,37
23,11.2019 13:46:26;35.8;1.89;298.5;408.74178621132864;287.66;Module 1,7_1;447.99;67,66;34,27;1,86;63,65;4,02
23,11.2019 13:48:19;35.8;1.97;299;427.469918090831;287.77;Module 1,7_1;468.47;70,53;34,24;1,95;66,86;3,67
23,11.2019 13:50:14;35.8;1.88;299;411.15656215055856;287.92;Module 1,7_1;450.55;67,30;34,19;1,87;63,93;3,37
23,11.2019 13:52:42;35.8;1.8;298.5;355.1270185964231;287.96;Module 1,7_1;389.11;64,44;34,07;1,59;54,02;10,42
23,11.2019 13:54:35;35.7;1.57;298.5;334.12398246239707;287.78;Module 1,7_1;366.07;56,05;33,97;1,48;50,25;5,80
23,11.2019 13:56:30;35.8;1.67;298.5;362.18764911372375;287.65;Module 1,7_1;396.79;59,79;34,10;1,62;55,28;4,50
23,11.2019 13:58:23;36;2.23;298.5;476.71667233264714;287.67;Module 1,7_1;522.23;80,28;34,46;2,20;75,88;4,40
23,11.2019 14:00:19;35.9;2.12;298.5;453.3716569189845;287.76;Module 1,7_1;496.63;76,11;34,41;2,08;71,68;4,43
23,11.2019 14:02:12;35.8;1.9;298.5;406.64914991943334;287.84;Module 1,7_1;445.43;68,02;34,27;1,85;63,27;4,75
23,11.2019 14:04:07;35.8;1.85;298.5;385.62927815571516;287.78;Module 1,7_1;422.39;66,23;34,20;1,74;59,49;6,74
23,11.2019 14:06:00;35.8;1.63;298.5;348.24396716527986;287.78;Module 1,7_1;381.43;58,35;34,04;1,55;52,78;5,57
23,11.2019 14:08:20;35.7;1.63;298.5;352.92726775005525;287.85;Module 1,7_1;386.55;58,19;34,06;1,57;53,62;4,57
23,11.2019 14:10:17;35.8;1.64;298.5;352.93143642898275;287.8;Module 1,7_1;386.55;58,71;34,06;1,57;53,62;5,09
23,11.2019 14:12:11;35.8;1.68;298.5;357.60745217841185;287.85;Module 1,7_1;391.67;60,14;34,08;1,60;54,46;5,68
23,11.2019 14:14:05;35.9;1.77;298.5;371.63009649442176;287.89;Module 1,7_1;407.03;63,54;34,14;1,67;56,98;6,57
23,11.2019 14:16:06;35.9;1.93;298.5;411.35978562191076;287.78;Module 1,7_1;450.55;69,29;34,28;1,87;64,12;5,17
23,11.2019 14:18:08;36;1.98;298.5;418.36254814600386;288.01;Module 1,7_1;458.23;71,28;34,30;1,91;65,38;5,90
23,11.2019 14:20:01;35.8;1.65;298.5;352.9088906768057;288.14;Module 1,7_1;386.55;59,07;34,06;1,57;53,62;5,45
23,11.2019 14:22:00;35.7;1.49;298.5;320.17571606837373;287.92;Module 1,7_1;350.71;53,19;33,90;1,41;47,76;5,44
23,11.2019 14:24:53;35.8;1.41;298.5;308.4681108436805;287.54;Module 1,7_1;337.91;50,48;33,84;1,35;45,66;4,81
23,11.2019 14:26:57;36;1.53;298.5;327.14321437151943;287.46;Module 1,7_1;358.39;55,08;33,94;1,44;49,00;6,08
23,11.2019 14:28:49;36;1.49;298.5;322.4486997023715;287.36;Module 1,7_1;353.27;53,64;33,91;1,42;48,16;5,48
23,11.2019 14:30:47;35.9;1.39;297;294.1580803148969;287.42;Module 1,7_1;322.3;49,90;34,02;1,28;43,39;6,51
23,11.2019 14:32:43;35.8;1.37;297;295.61172534080254;287.52;Module 1,7_1;323.92;49,05;34,03;1,28;43,65;5,39
23,11.2019 14:34:36;35.9;1.37;297;291.7615305508857;287.45;Module 1,7_1;319.73;49,18;34,01;1,26;42,96;6,22
23,11.2019 14:36:28;35.9;1.47;297;317.66442785776394;287.43;Module 1,7_1;348.15;52,77;34,16;1,39;47,62;5,15
23,11.2019 14:38:33;35.9;1.41;297;301.27778566007356;287.44;Module 1,7_1;330.23;50,62;34,06;1,31;44,67;5,95
23,11.2019 14:40:42;35.8;1.43;297;303.57282253885165;287.51;Module 1,7_1;332.79;51,19;34,08;1,32;45,09;6,11
23,11.2019 14:42:36;35.8;1.43;297;305.8691488091887;287.55;Module 1,7_1;335.35;51,19;34,09;1,33;45,50;5,69
23,11.2019 14:44:34;35.8;1.42;296.5;308.16064934404096;287.46;Module 1,7_1;337.91;50,84;34,20;1,35;46,01;4,82
23,11.2019 14:46:31;35.8;1.31;296.5;280.55932745773697;287.39;Module 1,7_1;307.69;46,90;34,02;1,21;41,04;5,86
23,11.2019 14:48:24;35.8;1.36;296.5;295.6412178484074;287.33;Module 1,7_1;324.28;48,69;34,12;1,28;43,75;4,93
23,11.2019 14:50:28;35.8;1.33;296.5;284.7231333581575;287.28;Module 1,7_1;312.36;47,61;34,05;1,23;41,79;5,83
23,11.2019 14:52:41;35.8;1.31;296.5;281.13831074045913;287.23;Module 1,7_1;308.49;46,90;34,02;1,21;41,14;5,75
23,11.2019 14:55:06;35.8;1.36;296.5;289.0076874458097;287.35;Module 1,7_1;317.2;48,69;34,08;1,25;42,56;6,13
23,11.2019 14:57:09;35.8;1.34;296.5;283.38953670216864;287.5;Module 1,7_1;311.1;47,97;34,04;1,22;41,55;6,42
23,11.2019 14:59:02;36;1.35;296.5;290.20739909171664;287.57;Module 1,7_1;318.65;48,60;34,09;1,25;42,78;5,82
23,11.2019 15:00:57;36.5;1.34;296.5;296.9728773778277;287.6;Module 1,7_1;326.15;48,91;34,13;1,29;43,99;4,92
26,11.2019 13:05:59;37.1;1.53;291;373.62499061111936;281.79;Module 1,7_1;412.15;56,76;35,50;1,67;59,27;-2,50
26,11.2019 13:10:06;37.2;2.43;291;494.5987953187165;282.48;Module 1,7_1;545.27;90,40;35,85;2,28;81,85;8,55
26,11.2019 13:11:59;37.1;2.5;292;504.01856793460774;283.06;Module 1,7_1;555.51;92,75;35,70;2,33;83,24;9,51
26,11.2019 13:13:51;36.6;1.94;292;376.3636090458934;283.81;Module 1,7_1;414.71;71,00;35,33;1,68;59,52;11,48
26,11.2019 13:15:44;35.8;1.4;292;293.25943805078225;284;Module 1,7_1;323.06;50,12;34,92;1,26;44,15;5,97
26,11.2019 13:17:45;36;1.33;294.5;283.3815882986387;284;Module 1,7_1;312.1;47,88;34,41;1,22;41,90;5,98
26,11.2019 13:19:38;36.2;1.66;294.5;385.9346050664961;283.96;Module 1,7_1;424.95;60,09;34,91;1,74;60,63;-0,54
26,11.2019 13:21:32;36.2;1.76;295;353.4626039963254;283.86;Module 1,7_1;389.11;63,71;34,70;1,57;54,56;9,15
26,11.2019 13:23:24;36.6;1.95;295;402.38082191390555;283.76;Module 1,7_1;442.87;71,37;34,88;1,82;63,50;7,87
26,11.2019 13:25:33;36.4;1.43;295;341.9841477908308;283.83;Module 1,7_1;376.31;52,05;34,64;1,51;52,47;-0,42
26,11.2019 13:27:26;36.7;1.41;296.5;325.76106735287703;283.71;Module 1,7_1;358.39;51,75;34,29;1,43;49,19;2,56
26,11.2019 13:29:19;36.8;1.47;296.5;325.8207332932981;283.64;Module 1,7_1;358.39;54,10;34,29;1,43;49,20;4,90
26,11.2019 13:31:12;36.6;1.43;295;437.61040709333486;283.48;Module 1,7_1;481.27;52,34;34,99;2,00;69,95;-17,61
26,11.2019 13:33:24;36.7;1.87;295;419.0697042187692;283.62;Module 1,7_1;460.79;68,63;34,94;1,91;66,56;2,07
26,11.2019 13:35:17;36.5;1.5;295;328.3210444577986;283.92;Module 1,7_1;360.95;54,75;34,58;1,45;49,98;4,77
26,11.2019 13:37:10;36.5;2.01;296.5;435.5010124961162;284.28;Module 1,7_1;478.71;73,36;34,72;1,99;69,09;4,27
26,11.2019 13:39:04;36.3;2.01;296.5;433.234005514071;284.52;Module 1,7_1;476.15;72,96;34,71;1,98;68,68;4,28
26,11.2019 13:41:02;36.2;1.84;296.5;391.3618427819506;284.68;Module 1,7_1;430.07;66,61;34,58;1,77;61,07;5,53
26,11.2019 13:42:55;36.2;2.04;296.5;433.34884430579416;284.95;Module 1,7_1;476.15;73,85;34,71;1,98;68,70;5,15
26,11.2019 13:44:47;36.2;2.03;296.5;431.06926329543626;285.18;Module 1,7_1;473.59;73,49;34,70;1,97;68,29;5,20
26,11.2019 13:46:40;36.2;1.94;296.5;414.8037956613574;285.19;Module 1,7_1;455.67;70,23;34,66;1,89;65,33;4,90
26,11.2019 13:49:00;36;2.01;296.5;417.1865189526608;285.4;Module 1,7_1;458.23;72,36;34,66;1,90;65,76;6,60
26,11.2019 13:50:53;36;2.08;298.5;442.8652041328713;285.59;Module 1,7_1;486.39;74,88;34,38;2,03;69,78;5,10
26,11.2019 13:52:46;36;2.1;298.5;445.23384563350226;285.6;Module 1,7_1;488.95;75,60;34,38;2,04;70,21;5,39
26,11.2019 13:54:38;36;2.16;298.5;463.9181698379524;285.57;Module 1,7_1;509.43;77,76;34,43;2,14;73,57;4,19
26,11.2019 13:56:37;35.9;2.17;298.5;456.9575269046415;285.67;Module 1,7_1;501.75;77,90;34,41;2,10;72,32;5,58
26,11.2019 13:58:29;35.9;2.14;298.5;459.31682004557183;285.82;Module 1,7_1;504.31;76,83;34,42;2,11;72,75;4,08
26,11.2019 14:00:22;35.8;2.1;298.5;450.0144371030221;286.07;Module 1,7_1;494.07;75,18;34,40;2,07;71,07;4,11
26,11.2019 14:02:15;35.7;1.57;298.5;363.7570917195308;286.08;Module 1,7_1;399.35;56,05;34,11;1,63;55,56;0,48
26,11.2019 14:06:32;35.9;1.5;299;296.6570519491172;285.48;Module 1,7_1;325.66;53,85;33,67;1,29;43,46;10,39
26,11.2019 14:08:25;36.2;1.95;298.5;417.4288899260182;285.49;Module 1,7_1;458.23;70,59;34,30;1,90;65,21;5,38
26,11.2019 14:33:14;36;1.55;294.5;333.3143937617244;283.97;Module 1,7_1;366.07;55,80;34,70;1,47;51,00;4,80
27,11.2019 15:10:24;39.1;0.82;288.4;341.163152776396;281.32;Module 1,7_1;376.31;32,06;35,83;1,50;53,80;-21,74
27,11.2019 15:12:17;40.3;0.98;288.4;343.3853059707381;281.85;Module 1,7_1;378.87;39,49;35,84;1,51;54,22;-14,73
27,11.2019 15:14:11;40;1.2;288.4;359.51849072624697;282.35;Module 1,7_1;396.79;48,00;35,91;1,59;57,26;-9,26
27,11.2019 15:16:04;40;1.3;288.4;410.420727554533;282.9;Module 1,7_1;453.11;52,00;36,10;1,85;66,87;-14,87
27,11.2019 15:17:57;39.7;1.25;292;363.9271489184449;283.21;Module 1,7_1;401.91;49,63;35,28;1,62;57,22;-7,59
27,11.2019 15:19:53;39.1;1.11;292;310.5050032082257;283.42;Module 1,7_1;343.03;43,40;35,02;1,35;47,33;-3,93
27,11.2019 15:37:14;39.4;0.91;294.5;287.04817080503256;282.83;Module 1,7_1;318.29;35,85;34,43;1,24;42,57;-6,71
27,11.2019 15:41:03;39.1;0.88;295;297.52601826964644;282.93;Module 1,7_1;330.23;34,41;34,41;1,29;44,38;-9,97
27,11.2019 15:42:57;39.8;0.83;295;283.5337523338882;283.17;Module 1,7_1;314.86;33,03;34,31;1,22;41,84;-8,81
27,11.2019 15:46:44;40;0.89;296.5;469.7721538309719;283.71;Module 1,7_1;522.23;35,60;34,81;2,16;75,32;-39,72
27,11.2019 15:48:37;38.7;0.88;296.5;467.2100582115679;284.02;Module 1,7_1;519.67;34,06;34,80;2,15;74,86;-40,80
27,11.2019 15:50:33;38.1;0.85;295;460.0349322361022;284.4;Module 1,7_1;511.99;32,38;35,05;2,11;74,06;-41,67
27,11.2019 15:52:38;36.5;0.82;295;494.2146951840281;284.63;Module 1,7_1;550.39;29,93;35,13;2,29;80,32;-50,39
27,11.2019 15:54:33;35.8;0.72;294.5;468.6372251725836;285.03;Module 1,7_1;522.23;25,78;35,16;2,16;75,81;-50,03
27,11.2019 15:56:30;35;0.6;294.5;445.37340082830326;285.24;Module 1,7_1;496.63;21,00;35,11;2,04;71,53;-50,53
28,11.2019 11:27:44;39.4;0.7;290.4;414.9781629242164;283.05;Module 1,7_1;473.59;27,58;35,76;1,88;67,15;-39,57
28,11.2019 11:29:40;40.4;0.83;290.4;480.5664549470722;283.98;Module 1,7_1;547.83;33,53;35,93;2,21;79,44;-45,90
28,11.2019 11:31:36;39.7;1.85;290.4;375.42788779762463;284.68;Module 1,7_1;427.51;73,45;35,62;1,68;59,76;13,69
28,11.2019 16:01:01;31.5;0.65;288.4;389.3356421906815;283.42;Module 1,7_1;435.19;20,48;36,02;1,75;62,89;-42,41
28,11.2019 16:02:59;32.8;0.82;288.4;382.1829300544629;284.1;Module 1,7_1;427.51;26,90;36,00;1,71;61,54;-34,64