module_id;temperature;voltage;ts;utc_ts;timestamp;current;irradiation;temperature_amb
1380556833750641;2;34;Tue Nov 05 2019 12:33:50 GMT+0100 (CET);Tue Nov 05 2019 11:33:50 GMT+0100 (CET);1572953630000;0.88;192.89;16.06
1380556833750641;2;33;Tue Nov 05 2019 12:35:43 GMT+0100 (CET);Tue Nov 05 2019 11:35:43 GMT+0100 (CET);1572953743000;0.64;138.06;15.59
1380556833750641;2.5;33;Tue Nov 05 2019 12:37:36 GMT+0100 (CET);Tue Nov 05 2019 11:37:36 GMT+0100 (CET);1572953856000;0.53;118.09;14.96
1380556833750641;2.5;33.2;Tue Nov 05 2019 12:39:30 GMT+0100 (CET);Tue Nov 05 2019 11:39:30 GMT+0100 (CET);1572953970000;0.55;123.98;14.49
1380556833750641;2.5;34.4;Tue Nov 05 2019 12:41:30 GMT+0100 (CET);Tue Nov 05 2019 11:41:30 GMT+0100 (CET);1572954090000;0.6;144.01;13.92
1380556833750641;2;35.1;Tue Nov 05 2019 12:43:24 GMT+0100 (CET);Tue Nov 05 2019 11:43:24 GMT+0100 (CET);1572954204000;0.71;167.06;13.55
1380556833750641;2;35.4;Tue Nov 05 2019 12:45:17 GMT+0100 (CET);Tue Nov 05 2019 11:45:17 GMT+0100 (CET);1572954317000;0.77;181.79;13.39
1380556833750641;2;35.6;Tue Nov 05 2019 12:47:10 GMT+0100 (CET);Tue Nov 05 2019 11:47:10 GMT+0100 (CET);1572954430000;0.95;232.68;13.28
1380556833750641;2;36.1;Tue Nov 05 2019 12:49:22 GMT+0100 (CET);Tue Nov 05 2019 11:49:22 GMT+0100 (CET);1572954562000;1;242.9;13.32
1380556833750641;0.5;36.6;Tue Nov 05 2019 12:51:20 GMT+0100 (CET);Tue Nov 05 2019 11:51:20 GMT+0100 (CET);1572954680000;2;455.67;13.44
1380556833750641;0.5;37.2;Tue Nov 05 2019 12:53:13 GMT+0100 (CET);Tue Nov 05 2019 11:53:13 GMT+0100 (CET);1572954793000;3.09;788.33;14.1
1380556833750641;0.5;36.7;Tue Nov 05 2019 12:55:05 GMT+0100 (CET);Tue Nov 05 2019 11:55:05 GMT+0100 (CET);1572954905000;1.28;345.59;14.85
1380556833750641;2;37;Tue Nov 05 2019 12:56:59 GMT+0100 (CET);Tue Nov 05 2019 11:56:59 GMT+0100 (CET);1572955019000;1.31;437.75;14.98
1380556833750641;2;36.8;Tue Nov 05 2019 12:58:52 GMT+0100 (CET);Tue Nov 05 2019 11:58:52 GMT+0100 (CET);1572955132000;1.32;322.52;15.14
1380556833750641;2.5;37.1;Tue Nov 05 2019 13:00:45 GMT+0100 (CET);Tue Nov 05 2019 12:00:45 GMT+0100 (CET);1572955245000;1.17;394.23;15.31
1380556833750641;2.5;38.7;Tue Nov 05 2019 13:02:39 GMT+0100 (CET);Tue Nov 05 2019 12:02:39 GMT+0100 (CET);1572955359000;1.07;381.43;15.43
1380556833750641;2.5;39.6;Tue Nov 05 2019 13:05:14 GMT+0100 (CET);Tue Nov 05 2019 12:05:14 GMT+0100 (CET);1572955514000;1.24;404.47;15.92
1380556833750641;4.5;38.8;Tue Nov 05 2019 13:07:07 GMT+0100 (CET);Tue Nov 05 2019 12:07:07 GMT+0100 (CET);1572955627000;1.21;447.99;16
1380556833750641;4.5;38.4;Tue Nov 05 2019 13:09:01 GMT+0100 (CET);Tue Nov 05 2019 12:09:01 GMT+0100 (CET);1572955741000;1.24;396.79;16.1
1380556833750641;6;38.5;Tue Nov 05 2019 13:10:54 GMT+0100 (CET);Tue Nov 05 2019 12:10:54 GMT+0100 (CET);1572955854000;1.32;793.18;16.59
1380556833750641;6;40.3;Tue Nov 05 2019 13:12:47 GMT+0100 (CET);Tue Nov 05 2019 12:12:47 GMT+0100 (CET);1572955967000;1.17;488.95;17.22
1380556833750641;6;39.6;Tue Nov 05 2019 13:14:40 GMT+0100 (CET);Tue Nov 05 2019 12:14:40 GMT+0100 (CET);1572956080000;1.19;696.98;17.67
1380556833750641;8;40.1;Tue Nov 05 2019 13:16:33 GMT+0100 (CET);Tue Nov 05 2019 12:16:33 GMT+0100 (CET);1572956193000;1.23;629.75;18.03
1380556833750641;8;38.1;Tue Nov 05 2019 13:18:42 GMT+0100 (CET);Tue Nov 05 2019 12:18:42 GMT+0100 (CET);1572956322000;1.18;389.11;18.22
1380556833750641;8.5;35.5;Tue Nov 05 2019 13:20:38 GMT+0100 (CET);Tue Nov 05 2019 12:20:38 GMT+0100 (CET);1572956438000;1.11;255.82;17.62
1380556833750641;8.5;34.9;Tue Nov 05 2019 13:22:17 GMT+0100 (CET);Tue Nov 05 2019 12:22:17 GMT+0100 (CET);1572956537000;1.13;262.07;16.74
1380556833750641;8;35;Tue Nov 05 2019 13:24:12 GMT+0100 (CET);Tue Nov 05 2019 12:24:12 GMT+0100 (CET);1572956652000;1.08;247.2;15.9
1380556833750641;8;34.6;Tue Nov 05 2019 13:26:06 GMT+0100 (CET);Tue Nov 05 2019 12:26:06 GMT+0100 (CET);1572956766000;1.01;231.3;15.39
1380556833750641;8;35.4;Tue Nov 05 2019 13:28:03 GMT+0100 (CET);Tue Nov 05 2019 12:28:03 GMT+0100 (CET);1572956883000;1;231.96;14.86
1380556833750641;6;35.1;Tue Nov 05 2019 13:29:55 GMT+0100 (CET);Tue Nov 05 2019 12:29:55 GMT+0100 (CET);1572956995000;1;226.64;14.44
1380556833750641;6;34.8;Tue Nov 05 2019 13:31:48 GMT+0100 (CET);Tue Nov 05 2019 12:31:48 GMT+0100 (CET);1572957108000;0.94;215.66;14.17
1380556833750641;3.5;35.7;Tue Nov 05 2019 13:33:46 GMT+0100 (CET);Tue Nov 05 2019 12:33:46 GMT+0100 (CET);1572957226000;0.94;250.55;14.02
1380556833750641;3.5;38.3;Tue Nov 05 2019 13:35:54 GMT+0100 (CET);Tue Nov 05 2019 12:35:54 GMT+0100 (CET);1572957354000;0.99;253.04;13.91
1380556833750641;3.5;36.7;Tue Nov 05 2019 13:37:37 GMT+0100 (CET);Tue Nov 05 2019 12:37:37 GMT+0100 (CET);1572957457000;1.1;647.67;14.26
1380556833750641;3.5;37.3;Tue Nov 05 2019 13:39:30 GMT+0100 (CET);Tue Nov 05 2019 12:39:30 GMT+0100 (CET);1572957570000;1.09;282.86;14.87
1380556833750641;3.5;37.1;Tue Nov 05 2019 13:41:14 GMT+0100 (CET);Tue Nov 05 2019 12:41:14 GMT+0100 (CET);1572957674000;0.97;221.79;15.07
1380556833750641;3.5;34.6;Tue Nov 05 2019 13:43:07 GMT+0100 (CET);Tue Nov 05 2019 12:43:07 GMT+0100 (CET);1572957787000;0.8;171.9;14.82
1380556833750641;3.5;33.6;Tue Nov 05 2019 13:45:00 GMT+0100 (CET);Tue Nov 05 2019 12:45:00 GMT+0100 (CET);1572957900000;0.64;137.64;14.54
1380556833750641;3.5;33.2;Tue Nov 05 2019 13:46:58 GMT+0100 (CET);Tue Nov 05 2019 12:46:58 GMT+0100 (CET);1572958018000;0.52;113.97;14.14
1380556833750641;2.5;33.4;Tue Nov 05 2019 13:48:52 GMT+0100 (CET);Tue Nov 05 2019 12:48:52 GMT+0100 (CET);1572958132000;0.46;103.08;13.73
1380556833750641;2.5;33.2;Tue Nov 05 2019 13:50:49 GMT+0100 (CET);Tue Nov 05 2019 12:50:49 GMT+0100 (CET);1572958249000;0.4;88.52;13.42
1380556833750641;2.5;32.7;Tue Nov 05 2019 13:52:41 GMT+0100 (CET);Tue Nov 05 2019 12:52:41 GMT+0100 (CET);1572958361000;0.36;80.13;13.1
1380556833750641;2.5;32.7;Tue Nov 05 2019 13:54:37 GMT+0100 (CET);Tue Nov 05 2019 12:54:37 GMT+0100 (CET);1572958477000;0.34;76.03;12.81
1380556833750641;2.5;33.4;Tue Nov 05 2019 13:56:31 GMT+0100 (CET);Tue Nov 05 2019 12:56:31 GMT+0100 (CET);1572958591000;0.38;78.82;12.48
1380556833750641;2;39.7;Tue Nov 05 2019 14:36:32 GMT+0100 (CET);Tue Nov 05 2019 13:36:32 GMT+0100 (CET);1572960992000;0.67;335.35;16.22
1380556833750641;2;39.5;Tue Nov 05 2019 14:38:33 GMT+0100 (CET);Tue Nov 05 2019 13:38:33 GMT+0100 (CET);1572961113000;0.65;282.98;16.39
1380556833750641;2;38.6;Tue Nov 05 2019 14:40:25 GMT+0100 (CET);Tue Nov 05 2019 13:40:25 GMT+0100 (CET);1572961225000;0.6;249.19;16.45
1380556833750641;2.5;38.3;Tue Nov 05 2019 14:42:19 GMT+0100 (CET);Tue Nov 05 2019 13:42:19 GMT+0100 (CET);1572961339000;0.6;205.98;16.25
1380556833750641;2.5;38.2;Tue Nov 05 2019 14:44:11 GMT+0100 (CET);Tue Nov 05 2019 13:44:11 GMT+0100 (CET);1572961451000;0.59;204.73;16.06
1380556833750641;2.5;38.2;Tue Nov 05 2019 14:46:04 GMT+0100 (CET);Tue Nov 05 2019 13:46:04 GMT+0100 (CET);1572961564000;0.57;185.04;15.92
1380556833750641;2.5;38.2;Tue Nov 05 2019 14:47:57 GMT+0100 (CET);Tue Nov 05 2019 13:47:57 GMT+0100 (CET);1572961677000;0.55;148.63;15.53
1380556833750641;0.5;36.6;Tue Nov 05 2019 14:55:29 GMT+0100 (CET);Tue Nov 05 2019 13:55:29 GMT+0100 (CET);1572962129000;0.51;125.81;13.99
1380556833750641;0.5;34.9;Tue Nov 05 2019 14:57:25 GMT+0100 (CET);Tue Nov 05 2019 13:57:25 GMT+0100 (CET);1572962245000;0.52;121.14;13.64
1380556833750641;0.5;34.5;Tue Nov 05 2019 14:59:18 GMT+0100 (CET);Tue Nov 05 2019 13:59:18 GMT+0100 (CET);1572962358000;0.49;110.18;13.43
1380556833750641;0.5;35.1;Wed Nov 06 2019 12:48:57 GMT+0100 (CET);Wed Nov 06 2019 11:48:57 GMT+0100 (CET);1573040937000;1.89;424.95;13.45
1380556833750641;0.5;34.3;Wed Nov 06 2019 12:51:01 GMT+0100 (CET);Wed Nov 06 2019 11:51:01 GMT+0100 (CET);1573041061000;0.87;186.1;13.23
1380556833750641;0.5;33.2;Wed Nov 06 2019 12:52:54 GMT+0100 (CET);Wed Nov 06 2019 11:52:54 GMT+0100 (CET);1573041174000;0.74;155.41;12.82
1380556833750641;0.5;33.7;Wed Nov 06 2019 12:54:47 GMT+0100 (CET);Wed Nov 06 2019 11:54:47 GMT+0100 (CET);1573041287000;0.84;181.27;12.36
1380556833750641;0.5;34;Wed Nov 06 2019 12:56:41 GMT+0100 (CET);Wed Nov 06 2019 11:56:41 GMT+0100 (CET);1573041401000;0.79;165.55;12.07
1380556833750641;0.5;33.9;Wed Nov 06 2019 12:58:35 GMT+0100 (CET);Wed Nov 06 2019 11:58:35 GMT+0100 (CET);1573041515000;0.7;146.12;11.78
1380556833750641;0.5;33.6;Wed Nov 06 2019 13:00:28 GMT+0100 (CET);Wed Nov 06 2019 12:00:28 GMT+0100 (CET);1573041628000;0.55;120.6;11.51
1380556833750641;0.5;33.8;Wed Nov 06 2019 13:02:21 GMT+0100 (CET);Wed Nov 06 2019 12:02:21 GMT+0100 (CET);1573041741000;0.62;136.86;11.2
1380556833750641;0.5;38.8;Wed Nov 06 2019 13:04:15 GMT+0100 (CET);Wed Nov 06 2019 12:04:15 GMT+0100 (CET);1573041855000;0.85;435.19;11.07
1380556833750641;0.5;34.3;Wed Nov 06 2019 13:06:16 GMT+0100 (CET);Wed Nov 06 2019 12:06:16 GMT+0100 (CET);1573041976000;0.74;160.61;11
1380556833750641;0.5;31.7;Wed Nov 06 2019 13:36:15 GMT+0100 (CET);Wed Nov 06 2019 12:36:15 GMT+0100 (CET);1573043775000;0.41;77.03;12.17
1380556833750641;0.5;31.2;Wed Nov 06 2019 13:38:12 GMT+0100 (CET);Wed Nov 06 2019 12:38:12 GMT+0100 (CET);1573043892000;0.28;56.16;11.92
1380556833750641;0.5;33.6;Thu Nov 07 2019 09:59:32 GMT+0100 (CET);Thu Nov 07 2019 08:59:32 GMT+0100 (CET);1573117172000;2.64;575.99;12.51
1380556833750641;0.5;33.5;Thu Nov 07 2019 10:01:25 GMT+0100 (CET);Thu Nov 07 2019 09:01:25 GMT+0100 (CET);1573117285000;2.63;575.99;12.64
1380556833750641;0.5;33.3;Thu Nov 07 2019 10:03:19 GMT+0100 (CET);Thu Nov 07 2019 09:03:19 GMT+0100 (CET);1573117399000;2.61;573.43;12.85
1380556833750641;2;33;Thu Nov 07 2019 10:05:12 GMT+0100 (CET);Thu Nov 07 2019 09:05:12 GMT+0100 (CET);1573117512000;2.66;575.99;12.88
1380556833750641;2;33.4;Thu Nov 07 2019 10:07:05 GMT+0100 (CET);Thu Nov 07 2019 09:07:05 GMT+0100 (CET);1573117625000;2.65;578.55;12.96
1380556833750641;2;33.5;Thu Nov 07 2019 10:08:59 GMT+0100 (CET);Thu Nov 07 2019 09:08:59 GMT+0100 (CET);1573117739000;2.7;586.23;13.04
1380556833750641;2;33.8;Thu Nov 07 2019 10:10:52 GMT+0100 (CET);Thu Nov 07 2019 09:10:52 GMT+0100 (CET);1573117852000;2.71;591.35;13.1
1380556833750641;2;33.8;Thu Nov 07 2019 10:12:45 GMT+0100 (CET);Thu Nov 07 2019 09:12:45 GMT+0100 (CET);1573117965000;0.88;222;13.15
1380556833750641;2;33.8;Thu Nov 07 2019 10:14:39 GMT+0100 (CET);Thu Nov 07 2019 09:14:39 GMT+0100 (CET);1573118079000;2.82;611.83;12.97
1380556833750641;2.5;33.9;Thu Nov 07 2019 10:16:32 GMT+0100 (CET);Thu Nov 07 2019 09:16:32 GMT+0100 (CET);1573118192000;2.77;606.71;13.07
1380556833750641;2.5;33.8;Thu Nov 07 2019 10:18:25 GMT+0100 (CET);Thu Nov 07 2019 09:18:25 GMT+0100 (CET);1573118305000;2.81;611.83;13.19
1380556833750641;2.5;33.8;Thu Nov 07 2019 10:20:18 GMT+0100 (CET);Thu Nov 07 2019 09:20:18 GMT+0100 (CET);1573118418000;2.66;581.11;13.25
1380556833750641;2.5;33.7;Thu Nov 07 2019 10:22:18 GMT+0100 (CET);Thu Nov 07 2019 09:22:18 GMT+0100 (CET);1573118538000;2.84;619.51;13.45
1380556833750641;2.5;33.8;Thu Nov 07 2019 10:24:11 GMT+0100 (CET);Thu Nov 07 2019 09:24:11 GMT+0100 (CET);1573118651000;2.31;529.91;13.3
1380556833750641;3.5;33.8;Thu Nov 07 2019 10:26:07 GMT+0100 (CET);Thu Nov 07 2019 09:26:07 GMT+0100 (CET);1573118767000;2.8;627.19;13.12
1380556833750641;3.5;33.8;Thu Nov 07 2019 10:28:00 GMT+0100 (CET);Thu Nov 07 2019 09:28:00 GMT+0100 (CET);1573118880000;2.88;624.63;13.07
1380556833750641;3.5;33.8;Thu Nov 07 2019 10:29:54 GMT+0100 (CET);Thu Nov 07 2019 09:29:54 GMT+0100 (CET);1573118994000;2.81;611.83;13.15
1380556833750641;3.5;33.9;Thu Nov 07 2019 10:31:46 GMT+0100 (CET);Thu Nov 07 2019 09:31:46 GMT+0100 (CET);1573119106000;2.94;637.43;13.32
1380556833750641;3.5;33.7;Thu Nov 07 2019 10:33:39 GMT+0100 (CET);Thu Nov 07 2019 09:33:39 GMT+0100 (CET);1573119219000;2.92;634.87;13.53
1380556833750641;3.5;33.5;Thu Nov 07 2019 10:35:32 GMT+0100 (CET);Thu Nov 07 2019 09:35:32 GMT+0100 (CET);1573119332000;1.62;389.11;13.61
1380556833750641;3.5;33.6;Thu Nov 07 2019 10:37:24 GMT+0100 (CET);Thu Nov 07 2019 09:37:24 GMT+0100 (CET);1573119444000;2.99;650.23;13.63
1380556833750641;3.5;33.6;Thu Nov 07 2019 10:39:17 GMT+0100 (CET);Thu Nov 07 2019 09:39:17 GMT+0100 (CET);1573119557000;2.05;321.83;13.46
1380556833750641;3.5;32.3;Thu Nov 07 2019 10:41:11 GMT+0100 (CET);Thu Nov 07 2019 09:41:11 GMT+0100 (CET);1573119671000;3.14;677.84;13.46
1380556833750641;3.5;34.8;Thu Nov 07 2019 10:43:03 GMT+0100 (CET);Thu Nov 07 2019 09:43:03 GMT+0100 (CET);1573119783000;3.12;690.8;13.63
1380556833750641;3.5;34.8;Thu Nov 07 2019 10:44:56 GMT+0100 (CET);Thu Nov 07 2019 09:44:56 GMT+0100 (CET);1573119896000;2.71;568.31;13.75
1380556833750641;3.5;35.1;Thu Nov 07 2019 10:46:49 GMT+0100 (CET);Thu Nov 07 2019 09:46:49 GMT+0100 (CET);1573120009000;2.31;511.99;13.68
1380556833750641;3.5;35.4;Thu Nov 07 2019 10:49:14 GMT+0100 (CET);Thu Nov 07 2019 09:49:14 GMT+0100 (CET);1573120154000;2.39;606.71;13.66
1380556833750641;3.5;35.2;Thu Nov 07 2019 10:51:06 GMT+0100 (CET);Thu Nov 07 2019 09:51:06 GMT+0100 (CET);1573120266000;2.89;650.23;13.77
1380556833750641;3.5;35.4;Thu Nov 07 2019 10:52:59 GMT+0100 (CET);Thu Nov 07 2019 09:52:59 GMT+0100 (CET);1573120379000;2.86;683.5;13.9
1380556833750641;3.5;36.4;Thu Nov 07 2019 10:54:54 GMT+0100 (CET);Thu Nov 07 2019 09:54:54 GMT+0100 (CET);1573120494000;2.39;629.75;14.04
1380556833750641;6;36.4;Thu Nov 07 2019 10:56:57 GMT+0100 (CET);Thu Nov 07 2019 09:56:57 GMT+0100 (CET);1573120617000;2.57;588.79;14.17
1380556833750641;6;36.6;Thu Nov 07 2019 10:58:50 GMT+0100 (CET);Thu Nov 07 2019 09:58:50 GMT+0100 (CET);1573120730000;1.38;478.71;14.29
1380556833750641;6;37;Thu Nov 07 2019 11:00:43 GMT+0100 (CET);Thu Nov 07 2019 10:00:43 GMT+0100 (CET);1573120843000;2.85;723.07;14.21
1380556833750641;6;36.6;Thu Nov 07 2019 11:02:35 GMT+0100 (CET);Thu Nov 07 2019 10:02:35 GMT+0100 (CET);1573120955000;2.97;749.51;14.39
1380556833750641;6;36.6;Thu Nov 07 2019 11:04:45 GMT+0100 (CET);Thu Nov 07 2019 10:04:45 GMT+0100 (CET);1573121085000;2.08;483.83;14.57
1380556833750641;6;35.8;Thu Nov 07 2019 11:06:37 GMT+0100 (CET);Thu Nov 07 2019 10:06:37 GMT+0100 (CET);1573121197000;1.48;337.91;14.52
1380556833750641;6;35.4;Thu Nov 07 2019 11:08:32 GMT+0100 (CET);Thu Nov 07 2019 10:08:32 GMT+0100 (CET);1573121312000;0.99;239.82;14.06
1380556833750641;6;34.3;Thu Nov 07 2019 11:10:28 GMT+0100 (CET);Thu Nov 07 2019 10:10:28 GMT+0100 (CET);1573121428000;1.55;366.07;13.54
1380556833750641;6;36.7;Thu Nov 07 2019 11:12:23 GMT+0100 (CET);Thu Nov 07 2019 10:12:23 GMT+0100 (CET);1573121543000;2.33;537.59;13.28
1380556833750641;6;36.9;Thu Nov 07 2019 11:14:16 GMT+0100 (CET);Thu Nov 07 2019 10:14:16 GMT+0100 (CET);1573121656000;2.98;780.28;13.53
1380556833750641;6;37.1;Thu Nov 07 2019 11:16:09 GMT+0100 (CET);Thu Nov 07 2019 10:16:09 GMT+0100 (CET);1573121769000;2.91;751.97;14.14
1380556833750641;6;37.6;Thu Nov 07 2019 11:18:05 GMT+0100 (CET);Thu Nov 07 2019 10:18:05 GMT+0100 (CET);1573121885000;2.98;739.3;14.6
1380556833750641;6;37.1;Thu Nov 07 2019 11:20:33 GMT+0100 (CET);Thu Nov 07 2019 10:20:33 GMT+0100 (CET);1573122033000;2.81;255.15;15.07
1380556833750641;8;34.1;Thu Nov 07 2019 11:22:26 GMT+0100 (CET);Thu Nov 07 2019 10:22:26 GMT+0100 (CET);1573122146000;2.15;545.27;14.61
1380556833750641;8;37.5;Thu Nov 07 2019 11:24:19 GMT+0100 (CET);Thu Nov 07 2019 10:24:19 GMT+0100 (CET);1573122259000;2.99;785.56;14.66
1380556833750641;8;36.5;Thu Nov 07 2019 11:26:12 GMT+0100 (CET);Thu Nov 07 2019 10:26:12 GMT+0100 (CET);1573122372000;2.67;280.37;14.57
1380556833750641;8;35.3;Thu Nov 07 2019 11:28:04 GMT+0100 (CET);Thu Nov 07 2019 10:28:04 GMT+0100 (CET);1573122484000;2.22;588.79;14.23
1380556833750641;8;35.2;Thu Nov 07 2019 11:29:57 GMT+0100 (CET);Thu Nov 07 2019 10:29:57 GMT+0100 (CET);1573122597000;2.35;697.6;13.91
1380556833750641;6;37.2;Thu Nov 07 2019 11:31:50 GMT+0100 (CET);Thu Nov 07 2019 10:31:50 GMT+0100 (CET);1573122710000;2.91;773.34;14.24
1380556833750641;6;37.5;Thu Nov 07 2019 11:33:43 GMT+0100 (CET);Thu Nov 07 2019 10:33:43 GMT+0100 (CET);1573122823000;2.92;749.49;14.75
1380556833750641;6.5;37.3;Thu Nov 07 2019 11:35:54 GMT+0100 (CET);Thu Nov 07 2019 10:35:54 GMT+0100 (CET);1573122954000;2.85;757.22;15.08
1380556833750641;6.5;37.3;Thu Nov 07 2019 11:37:52 GMT+0100 (CET);Thu Nov 07 2019 10:37:52 GMT+0100 (CET);1573123072000;2.87;743.88;15.22
1380556833750641;6.5;37.6;Thu Nov 07 2019 11:39:45 GMT+0100 (CET);Thu Nov 07 2019 10:39:45 GMT+0100 (CET);1573123185000;2.6;737.27;15.5
1380556833750641;8;37.2;Thu Nov 07 2019 11:41:39 GMT+0100 (CET);Thu Nov 07 2019 10:41:39 GMT+0100 (CET);1573123299000;2.7;732.77;15.67
1380556833750641;8;37.2;Thu Nov 07 2019 11:43:33 GMT+0100 (CET);Thu Nov 07 2019 10:43:33 GMT+0100 (CET);1573123413000;2.63;716.78;16.04
1380556833750641;8.5;36.8;Thu Nov 07 2019 11:45:26 GMT+0100 (CET);Thu Nov 07 2019 10:45:26 GMT+0100 (CET);1573123526000;0.5;154.79;16.32
1380556833750641;8.5;36;Thu Nov 07 2019 11:47:21 GMT+0100 (CET);Thu Nov 07 2019 10:47:21 GMT+0100 (CET);1573123641000;2.98;723.15;15.91
1380556833750641;8.5;36.4;Thu Nov 07 2019 11:49:14 GMT+0100 (CET);Thu Nov 07 2019 10:49:14 GMT+0100 (CET);1573123754000;2.76;708.91;16
1380556833750641;8.5;36.7;Thu Nov 07 2019 11:51:38 GMT+0100 (CET);Thu Nov 07 2019 10:51:38 GMT+0100 (CET);1573123898000;2.81;702.4;15.79
1380556833750641;8.5;37;Thu Nov 07 2019 11:53:34 GMT+0100 (CET);Thu Nov 07 2019 10:53:34 GMT+0100 (CET);1573124014000;2.76;709.96;15.59
1380556833750641;8.5;36.9;Thu Nov 07 2019 11:55:27 GMT+0100 (CET);Thu Nov 07 2019 10:55:27 GMT+0100 (CET);1573124127000;2.75;720.1;15.77
1380556833750641;8.5;37;Thu Nov 07 2019 11:57:19 GMT+0100 (CET);Thu Nov 07 2019 10:57:19 GMT+0100 (CET);1573124239000;2.18;218.12;15.6
1380556833750641;8.5;36.7;Thu Nov 07 2019 11:59:15 GMT+0100 (CET);Thu Nov 07 2019 10:59:15 GMT+0100 (CET);1573124355000;2.92;731.58;15.38
1380556833750641;8.5;37.1;Thu Nov 07 2019 12:01:09 GMT+0100 (CET);Thu Nov 07 2019 11:01:09 GMT+0100 (CET);1573124469000;2.79;727.27;15.42
1380556833750641;8.5;34.5;Thu Nov 07 2019 12:03:07 GMT+0100 (CET);Thu Nov 07 2019 11:03:07 GMT+0100 (CET);1573124587000;3.02;759.34;15.1
1380556833750641;8;37.1;Thu Nov 07 2019 12:05:01 GMT+0100 (CET);Thu Nov 07 2019 11:05:01 GMT+0100 (CET);1573124701000;2.85;496.63;15.2
1380556833750641;8;37.5;Thu Nov 07 2019 12:06:56 GMT+0100 (CET);Thu Nov 07 2019 11:06:56 GMT+0100 (CET);1573124816000;2.8;727.08;15.35
1380556833750641;8;37.1;Thu Nov 07 2019 12:08:49 GMT+0100 (CET);Thu Nov 07 2019 11:08:49 GMT+0100 (CET);1573124929000;2.38;596.47;15.47
1380556833750641;8;36.7;Thu Nov 07 2019 12:10:43 GMT+0100 (CET);Thu Nov 07 2019 11:10:43 GMT+0100 (CET);1573125043000;2.19;545.27;15.47
1380556833750641;8;37;Thu Nov 07 2019 12:12:36 GMT+0100 (CET);Thu Nov 07 2019 11:12:36 GMT+0100 (CET);1573125156000;2.22;588.79;15.55
1380556833750641;8;36.5;Thu Nov 07 2019 12:14:31 GMT+0100 (CET);Thu Nov 07 2019 11:14:31 GMT+0100 (CET);1573125271000;1.99;488.95;15.65
1380556833750641;8;36.7;Thu Nov 07 2019 12:16:25 GMT+0100 (CET);Thu Nov 07 2019 11:16:25 GMT+0100 (CET);1573125385000;2.05;547.83;15.6
1380556833750641;8;36.7;Thu Nov 07 2019 12:18:18 GMT+0100 (CET);Thu Nov 07 2019 11:18:18 GMT+0100 (CET);1573125498000;1.96;509.43;15.57
1380556833750641;8;36.3;Thu Nov 07 2019 12:20:11 GMT+0100 (CET);Thu Nov 07 2019 11:20:11 GMT+0100 (CET);1573125611000;2.06;540.15;15.33
1380556833750641;8;37.1;Thu Nov 07 2019 12:22:26 GMT+0100 (CET);Thu Nov 07 2019 11:22:26 GMT+0100 (CET);1573125746000;2.66;665.03;15.41
1380556833750641;8;36.3;Thu Nov 07 2019 12:24:20 GMT+0100 (CET);Thu Nov 07 2019 11:24:20 GMT+0100 (CET);1573125860000;2.84;676.17;15.53
1380556833750641;8;36.4;Thu Nov 07 2019 12:26:15 GMT+0100 (CET);Thu Nov 07 2019 11:26:15 GMT+0100 (CET);1573125975000;2.72;655.41;15.78
1380556833750641;8;36.1;Thu Nov 07 2019 12:28:08 GMT+0100 (CET);Thu Nov 07 2019 11:28:08 GMT+0100 (CET);1573126088000;2.52;437.75;16.16
1380556833750641;6.5;34.5;Thu Nov 07 2019 12:30:02 GMT+0100 (CET);Thu Nov 07 2019 11:30:02 GMT+0100 (CET);1573126202000;1.87;430.07;16.03
1380556833750641;6.5;36;Thu Nov 07 2019 12:31:55 GMT+0100 (CET);Thu Nov 07 2019 11:31:55 GMT+0100 (CET);1573126315000;1.64;409.59;15.71
1380556833750641;6.5;36.9;Thu Nov 07 2019 12:33:47 GMT+0100 (CET);Thu Nov 07 2019 11:33:47 GMT+0100 (CET);1573126427000;2.4;604.15;15.6
1380556833750641;6.5;37.1;Thu Nov 07 2019 12:35:40 GMT+0100 (CET);Thu Nov 07 2019 11:35:40 GMT+0100 (CET);1573126540000;2.42;609.27;15.69
1380556833750641;6.5;36.4;Thu Nov 07 2019 12:37:57 GMT+0100 (CET);Thu Nov 07 2019 11:37:57 GMT+0100 (CET);1573126677000;2.5;491.51;15.9
1380556833750641;6;36.4;Thu Nov 07 2019 12:39:50 GMT+0100 (CET);Thu Nov 07 2019 11:39:50 GMT+0100 (CET);1573126790000;1.06;248.64;15.72
1380556833750641;6;35.4;Thu Nov 07 2019 12:41:43 GMT+0100 (CET);Thu Nov 07 2019 11:41:43 GMT+0100 (CET);1573126903000;1.65;386.55;15.39
1380556833750641;6;35.7;Thu Nov 07 2019 12:43:36 GMT+0100 (CET);Thu Nov 07 2019 11:43:36 GMT+0100 (CET);1573127016000;2.18;486.39;15.21
1380556833750641;6;35.6;Thu Nov 07 2019 12:45:38 GMT+0100 (CET);Thu Nov 07 2019 11:45:38 GMT+0100 (CET);1573127138000;1.76;399.35;15.06
1380556833750641;3.5;35.8;Thu Nov 07 2019 12:47:31 GMT+0100 (CET);Thu Nov 07 2019 11:47:31 GMT+0100 (CET);1573127251000;1.47;337.91;14.87
1380556833750641;3.5;35.6;Thu Nov 07 2019 12:49:24 GMT+0100 (CET);Thu Nov 07 2019 11:49:24 GMT+0100 (CET);1573127364000;1.23;279.63;14.59
1380556833750641;3.5;35.6;Thu Nov 07 2019 12:51:16 GMT+0100 (CET);Thu Nov 07 2019 11:51:16 GMT+0100 (CET);1573127476000;1.23;282.96;14.29
1380556833750641;3.5;35.6;Thu Nov 07 2019 12:53:27 GMT+0100 (CET);Thu Nov 07 2019 11:53:27 GMT+0100 (CET);1573127607000;1.12;258.99;13.96
1380556833750641;3.5;35.6;Thu Nov 07 2019 12:55:19 GMT+0100 (CET);Thu Nov 07 2019 11:55:19 GMT+0100 (CET);1573127719000;1.09;257.56;13.74
1380556833750641;3.5;36.4;Thu Nov 07 2019 12:57:12 GMT+0100 (CET);Thu Nov 07 2019 11:57:12 GMT+0100 (CET);1573127832000;1.07;254.28;13.67
1380556833750641;3.5;36.6;Thu Nov 07 2019 12:59:06 GMT+0100 (CET);Thu Nov 07 2019 11:59:06 GMT+0100 (CET);1573127946000;1.08;261.95;13.53
1380556833750641;3.5;37.1;Thu Nov 07 2019 13:01:03 GMT+0100 (CET);Thu Nov 07 2019 12:01:03 GMT+0100 (CET);1573128063000;1.13;286.78;13.52
1380556833750641;2;38.2;Thu Nov 07 2019 13:02:56 GMT+0100 (CET);Thu Nov 07 2019 12:02:56 GMT+0100 (CET);1573128176000;1.2;414.71;13.5
1380556833750641;2;39.8;Thu Nov 07 2019 13:04:48 GMT+0100 (CET);Thu Nov 07 2019 12:04:48 GMT+0100 (CET);1573128288000;1.21;345.59;13.71
1380556833750641;2;36.2;Thu Nov 07 2019 13:06:42 GMT+0100 (CET);Thu Nov 07 2019 12:06:42 GMT+0100 (CET);1573128402000;1.12;247.04;13.7
1380556833750641;2;35.1;Thu Nov 07 2019 13:08:58 GMT+0100 (CET);Thu Nov 07 2019 12:08:58 GMT+0100 (CET);1573128538000;1.12;247.29;13.64
1380556833750641;2;35.5;Thu Nov 07 2019 13:10:52 GMT+0100 (CET);Thu Nov 07 2019 12:10:52 GMT+0100 (CET);1573128652000;1.13;253.12;13.58
1380556833750641;2;36.8;Thu Nov 07 2019 13:14:36 GMT+0100 (CET);Thu Nov 07 2019 12:14:36 GMT+0100 (CET);1573128876000;1.32;343.03;13.69
1380556833750641;2;37.9;Thu Nov 07 2019 13:16:33 GMT+0100 (CET);Thu Nov 07 2019 12:16:33 GMT+0100 (CET);1573128993000;1.45;394.23;13.87
1380556833750641;2;37.5;Thu Nov 07 2019 13:18:28 GMT+0100 (CET);Thu Nov 07 2019 12:18:28 GMT+0100 (CET);1573129108000;1.52;360.95;14.08
1380556833750641;2;37.3;Thu Nov 07 2019 13:20:23 GMT+0100 (CET);Thu Nov 07 2019 12:20:23 GMT+0100 (CET);1573129223000;1.5;335.35;14.14
1380556833750641;2;35.6;Thu Nov 07 2019 13:22:15 GMT+0100 (CET);Thu Nov 07 2019 12:22:15 GMT+0100 (CET);1573129335000;1.36;298.45;14.19
1380556833750641;2;35.4;Thu Nov 07 2019 13:24:32 GMT+0100 (CET);Thu Nov 07 2019 12:24:32 GMT+0100 (CET);1573129472000;1.27;285.38;14.27
1380556833750641;2;35.8;Thu Nov 07 2019 13:26:28 GMT+0100 (CET);Thu Nov 07 2019 12:26:28 GMT+0100 (CET);1573129588000;1.18;271.59;14.25
1380556833750641;2;35.8;Thu Nov 07 2019 13:28:22 GMT+0100 (CET);Thu Nov 07 2019 12:28:22 GMT+0100 (CET);1573129702000;1.13;288.46;14.2
1380556833750641;2;36.1;Thu Nov 07 2019 13:30:14 GMT+0100 (CET);Thu Nov 07 2019 12:30:14 GMT+0100 (CET);1573129814000;1.08;253.77;14.14
1380556833750641;2;36.3;Thu Nov 07 2019 13:32:11 GMT+0100 (CET);Thu Nov 07 2019 12:32:11 GMT+0100 (CET);1573129931000;1.05;264.63;14.07
1380556833750641;2;38.3;Thu Nov 07 2019 13:34:04 GMT+0100 (CET);Thu Nov 07 2019 12:34:04 GMT+0100 (CET);1573130044000;1.1;300.15;14.07
1380556833750641;2;36.2;Thu Nov 07 2019 13:36:00 GMT+0100 (CET);Thu Nov 07 2019 12:36:00 GMT+0100 (CET);1573130160000;1.14;253.97;14.04
1380556833750641;2;35.1;Thu Nov 07 2019 13:37:54 GMT+0100 (CET);Thu Nov 07 2019 12:37:54 GMT+0100 (CET);1573130274000;1.14;246.71;13.98
1380556833750641;2;34.8;Thu Nov 07 2019 13:39:57 GMT+0100 (CET);Thu Nov 07 2019 12:39:57 GMT+0100 (CET);1573130397000;1.08;231.24;13.79
1380556833750641;2;34.6;Thu Nov 07 2019 13:41:50 GMT+0100 (CET);Thu Nov 07 2019 12:41:50 GMT+0100 (CET);1573130510000;1.01;212.99;13.67
1380556833750641;2;34.5;Thu Nov 07 2019 13:43:43 GMT+0100 (CET);Thu Nov 07 2019 12:43:43 GMT+0100 (CET);1573130623000;0.91;191.18;13.59
1380556833750641;2;37.7;Sun Nov 10 2019 12:15:02 GMT+0100 (CET);Sun Nov 10 2019 11:15:02 GMT+0100 (CET);1573384502000;2.31;619.51;11.64
1380556833750641;2;37.3;Sun Nov 10 2019 12:16:55 GMT+0100 (CET);Sun Nov 10 2019 11:16:55 GMT+0100 (CET);1573384615000;2.4;634.87;11.82
1380556833750641;2;37.5;Sun Nov 10 2019 12:18:48 GMT+0100 (CET);Sun Nov 10 2019 11:18:48 GMT+0100 (CET);1573384728000;2.36;634.87;12.09
1380556833750641;2.5;36.9;Sun Nov 10 2019 12:20:40 GMT+0100 (CET);Sun Nov 10 2019 11:20:40 GMT+0100 (CET);1573384840000;1.95;453.11;12.33
1380556833750641;2.5;37.4;Sun Nov 10 2019 12:22:47 GMT+0100 (CET);Sun Nov 10 2019 11:22:47 GMT+0100 (CET);1573384967000;2.45;624.63;12.6
1380556833750641;3.5;36.9;Sun Nov 10 2019 12:24:40 GMT+0100 (CET);Sun Nov 10 2019 11:24:40 GMT+0100 (CET);1573385080000;1.55;401.91;12.77
1380556833750641;3.5;35.7;Sun Nov 10 2019 12:26:33 GMT+0100 (CET);Sun Nov 10 2019 11:26:33 GMT+0100 (CET);1573385193000;1.62;652.79;12.87
1380556833750641;3.5;36.9;Sun Nov 10 2019 12:28:26 GMT+0100 (CET);Sun Nov 10 2019 11:28:26 GMT+0100 (CET);1573385306000;1.89;345.59;12.84
1380556833750641;3.5;36.9;Sun Nov 10 2019 12:30:20 GMT+0100 (CET);Sun Nov 10 2019 11:30:20 GMT+0100 (CET);1573385420000;2.71;672.05;12.74
1380556833750641;3.5;37.1;Sun Nov 10 2019 12:32:14 GMT+0100 (CET);Sun Nov 10 2019 11:32:14 GMT+0100 (CET);1573385534000;2.68;682.8;13.06
1380556833750641;3.5;36.5;Sun Nov 10 2019 12:34:07 GMT+0100 (CET);Sun Nov 10 2019 11:34:07 GMT+0100 (CET);1573385647000;2.65;676.74;13.38
1380556833750641;3.5;36.9;Sun Nov 10 2019 12:36:01 GMT+0100 (CET);Sun Nov 10 2019 11:36:01 GMT+0100 (CET);1573385761000;2.74;686.58;13.78
1380556833750641;3.5;35.7;Sun Nov 10 2019 12:38:34 GMT+0100 (CET);Sun Nov 10 2019 11:38:34 GMT+0100 (CET);1573385914000;2.31;506.87;13.64
1380556833750641;6;36.4;Sun Nov 10 2019 12:40:27 GMT+0100 (CET);Sun Nov 10 2019 11:40:27 GMT+0100 (CET);1573386027000;2.52;583.67;13.58
1380556833750641;6;36.2;Sun Nov 10 2019 12:42:30 GMT+0100 (CET);Sun Nov 10 2019 11:42:30 GMT+0100 (CET);1573386150000;2.67;657.03;13.78
1380556833750641;6;36.1;Sun Nov 10 2019 12:44:26 GMT+0100 (CET);Sun Nov 10 2019 11:44:26 GMT+0100 (CET);1573386266000;2.7;660.62;14
1380556833750641;6;35.6;Sun Nov 10 2019 12:46:18 GMT+0100 (CET);Sun Nov 10 2019 11:46:18 GMT+0100 (CET);1573386378000;2.73;666.87;14.17
1380556833750641;6;36.2;Sun Nov 10 2019 12:48:11 GMT+0100 (CET);Sun Nov 10 2019 11:48:11 GMT+0100 (CET);1573386491000;2.65;655.35;13.8
1380556833750641;6;36.2;Sun Nov 10 2019 12:50:05 GMT+0100 (CET);Sun Nov 10 2019 11:50:05 GMT+0100 (CET);1573386605000;2.33;478.71;13.67
1380556833750641;6;37.1;Sun Nov 10 2019 12:51:58 GMT+0100 (CET);Sun Nov 10 2019 11:51:58 GMT+0100 (CET);1573386718000;2.31;652.79;13.67
1380556833750641;6.5;38.1;Sun Nov 10 2019 12:54:01 GMT+0100 (CET);Sun Nov 10 2019 11:54:01 GMT+0100 (CET);1573386841000;2.21;657.94;14
1380556833750641;6.5;38.3;Sun Nov 10 2019 12:55:54 GMT+0100 (CET);Sun Nov 10 2019 11:55:54 GMT+0100 (CET);1573386954000;1.76;645.11;14.29
1380556833750641;8;38.6;Sun Nov 10 2019 12:57:48 GMT+0100 (CET);Sun Nov 10 2019 11:57:48 GMT+0100 (CET);1573387068000;1.28;496.63;14.54
1380556833750641;8;38.8;Sun Nov 10 2019 12:59:41 GMT+0100 (CET);Sun Nov 10 2019 11:59:41 GMT+0100 (CET);1573387181000;2.04;619.51;14.82
1380556833750641;8;36.2;Sun Nov 10 2019 13:01:34 GMT+0100 (CET);Sun Nov 10 2019 12:01:34 GMT+0100 (CET);1573387294000;0.62;383.99;14.48
1380556833750641;8;39.2;Sun Nov 10 2019 13:03:27 GMT+0100 (CET);Sun Nov 10 2019 12:03:27 GMT+0100 (CET);1573387407000;1.46;537.59;14.25
1380556833750641;8;40.1;Sun Nov 10 2019 13:05:20 GMT+0100 (CET);Sun Nov 10 2019 12:05:20 GMT+0100 (CET);1573387520000;0.49;383.99;14.13
1380556833750641;8;36.7;Sun Nov 10 2019 13:07:14 GMT+0100 (CET);Sun Nov 10 2019 12:07:14 GMT+0100 (CET);1573387634000;0.44;619.51;13.73
1380556833750641;8;40.3;Sun Nov 10 2019 13:09:35 GMT+0100 (CET);Sun Nov 10 2019 12:09:35 GMT+0100 (CET);1573387775000;0.44;606.71;13.95
1380556833750641;8;40.3;Sun Nov 10 2019 13:11:27 GMT+0100 (CET);Sun Nov 10 2019 12:11:27 GMT+0100 (CET);1573387887000;0.47;581.11;14.07
1380556833750641;10;40.3;Sun Nov 10 2019 13:13:20 GMT+0100 (CET);Sun Nov 10 2019 12:13:20 GMT+0100 (CET);1573388000000;0.42;591.35;14.21
1380556833750641;10;40.3;Sun Nov 10 2019 13:15:15 GMT+0100 (CET);Sun Nov 10 2019 12:15:15 GMT+0100 (CET);1573388115000;0.41;578.55;14.39
1380556833750641;10;40.3;Sun Nov 10 2019 13:17:10 GMT+0100 (CET);Sun Nov 10 2019 12:17:10 GMT+0100 (CET);1573388230000;0.4;591.35;14.59
1380556833750641;10;40.3;Sun Nov 10 2019 13:19:18 GMT+0100 (CET);Sun Nov 10 2019 12:19:18 GMT+0100 (CET);1573388358000;0.38;591.35;14.59
1380556833750641;10;40.3;Sun Nov 10 2019 13:21:12 GMT+0100 (CET);Sun Nov 10 2019 12:21:12 GMT+0100 (CET);1573388472000;0.39;586.23;14.66
1380556833750641;10;40.3;Sun Nov 10 2019 13:23:22 GMT+0100 (CET);Sun Nov 10 2019 12:23:22 GMT+0100 (CET);1573388602000;0.37;550.39;14.71
1380556833750641;10;40.3;Sun Nov 10 2019 13:25:21 GMT+0100 (CET);Sun Nov 10 2019 12:25:21 GMT+0100 (CET);1573388721000;0.36;578.55;14.56
1380556833750641;10;40.3;Sun Nov 10 2019 13:27:22 GMT+0100 (CET);Sun Nov 10 2019 12:27:22 GMT+0100 (CET);1573388842000;0.36;573.43;14.79
1380556833750641;10;40.3;Sun Nov 10 2019 13:28:42 GMT+0100 (CET);Sun Nov 10 2019 12:28:42 GMT+0100 (CET);1573388922000;0.37;568.31;14.92
1380556833750641;10.6;40.3;Sun Nov 10 2019 13:30:36 GMT+0100 (CET);Sun Nov 10 2019 12:30:36 GMT+0100 (CET);1573389036000;0.37;563.19;15.08
1380556833750641;10.6;40.3;Sun Nov 10 2019 13:32:45 GMT+0100 (CET);Sun Nov 10 2019 12:32:45 GMT+0100 (CET);1573389165000;0.36;558.07;15.39
1380556833750641;10.6;40.3;Sun Nov 10 2019 13:34:40 GMT+0100 (CET);Sun Nov 10 2019 12:34:40 GMT+0100 (CET);1573389280000;0.36;560.63;15.64
1380556833750641;10.6;39.8;Sun Nov 10 2019 13:36:34 GMT+0100 (CET);Sun Nov 10 2019 12:36:34 GMT+0100 (CET);1573389394000;0.36;550.39;15.7
1380556833750641;10.6;39;Sun Nov 10 2019 13:38:27 GMT+0100 (CET);Sun Nov 10 2019 12:38:27 GMT+0100 (CET);1573389507000;0.35;550.39;15.49
1380556833750641;8;38.4;Sun Nov 10 2019 13:40:25 GMT+0100 (CET);Sun Nov 10 2019 12:40:25 GMT+0100 (CET);1573389625000;0.35;532.47;15.55
1380556833750641;8;38.4;Sun Nov 10 2019 13:42:27 GMT+0100 (CET);Sun Nov 10 2019 12:42:27 GMT+0100 (CET);1573389747000;0.35;535.03;15.64
1380556833750641;8;37.8;Sun Nov 10 2019 13:44:30 GMT+0100 (CET);Sun Nov 10 2019 12:44:30 GMT+0100 (CET);1573389870000;0.35;540.15;15.75
1380556833750641;6.5;37.1;Sun Nov 10 2019 13:46:23 GMT+0100 (CET);Sun Nov 10 2019 12:46:23 GMT+0100 (CET);1573389983000;0.34;532.47;15.82
1380556833750641;6.5;36.8;Sun Nov 10 2019 13:48:31 GMT+0100 (CET);Sun Nov 10 2019 12:48:31 GMT+0100 (CET);1573390111000;0.33;529.91;15.92
1380556833750641;6.5;35.9;Sun Nov 10 2019 13:50:24 GMT+0100 (CET);Sun Nov 10 2019 12:50:24 GMT+0100 (CET);1573390224000;0.33;524.79;15.96
1380556833750641;6.5;36;Sun Nov 10 2019 13:52:26 GMT+0100 (CET);Sun Nov 10 2019 12:52:26 GMT+0100 (CET);1573390346000;0.32;519.67;15.95
1380556833750641;6.5;37.6;Sun Nov 10 2019 13:54:21 GMT+0100 (CET);Sun Nov 10 2019 12:54:21 GMT+0100 (CET);1573390461000;0.31;509.43;15.55
1380556833750641;6.5;38.8;Sun Nov 10 2019 13:56:14 GMT+0100 (CET);Sun Nov 10 2019 12:56:14 GMT+0100 (CET);1573390574000;0.32;504.31;15.29
1380556833750641;6.5;39.7;Sun Nov 10 2019 13:58:07 GMT+0100 (CET);Sun Nov 10 2019 12:58:07 GMT+0100 (CET);1573390687000;0.31;494.07;15.08
1380556833750641;2;40.3;Sun Nov 10 2019 14:00:02 GMT+0100 (CET);Sun Nov 10 2019 13:00:02 GMT+0100 (CET);1573390802000;0.32;496.63;15
1380556833750641;2;40.2;Sun Nov 10 2019 14:01:56 GMT+0100 (CET);Sun Nov 10 2019 13:01:56 GMT+0100 (CET);1573390916000;0.32;486.39;14.96
1380556833750641;2;39.7;Sun Nov 10 2019 14:04:05 GMT+0100 (CET);Sun Nov 10 2019 13:04:05 GMT+0100 (CET);1573391045000;0.32;478.71;15.14
1380556833750641;2.5;39.3;Sun Nov 10 2019 14:05:58 GMT+0100 (CET);Sun Nov 10 2019 13:05:58 GMT+0100 (CET);1573391158000;0.32;478.71;15.22
1380556833750641;2.5;38.9;Sun Nov 10 2019 14:07:50 GMT+0100 (CET);Sun Nov 10 2019 13:07:50 GMT+0100 (CET);1573391270000;0.31;468.47;15.35
1380556833750641;2;38.5;Sun Nov 10 2019 14:09:43 GMT+0100 (CET);Sun Nov 10 2019 13:09:43 GMT+0100 (CET);1573391383000;0.32;458.23;15.28
1380556833750641;2;37.7;Sun Nov 10 2019 14:11:37 GMT+0100 (CET);Sun Nov 10 2019 13:11:37 GMT+0100 (CET);1573391497000;0.32;455.67;15.25
1380556833750641;0.5;37.3;Sun Nov 10 2019 14:13:37 GMT+0100 (CET);Sun Nov 10 2019 13:13:37 GMT+0100 (CET);1573391617000;0.34;458.23;15.35
1380556833750641;0.5;36.4;Sun Nov 10 2019 14:15:30 GMT+0100 (CET);Sun Nov 10 2019 13:15:30 GMT+0100 (CET);1573391730000;0.35;458.23;15.42
1380556833750641;0.5;36.2;Sun Nov 10 2019 14:17:22 GMT+0100 (CET);Sun Nov 10 2019 13:17:22 GMT+0100 (CET);1573391842000;0.36;447.99;15.6
1380556833750641;0.5;39.9;Sun Nov 10 2019 14:55:52 GMT+0100 (CET);Sun Nov 10 2019 13:55:52 GMT+0100 (CET);1573394152000;0.46;287.95;14.5
1380556833750641;0.5;40.1;Sun Nov 10 2019 14:58:00 GMT+0100 (CET);Sun Nov 10 2019 13:58:00 GMT+0100 (CET);1573394280000;0.44;335.35;14.55
1380556833750641;0.5;40.3;Sun Nov 10 2019 14:59:53 GMT+0100 (CET);Sun Nov 10 2019 13:59:53 GMT+0100 (CET);1573394393000;0.39;310.26;14.57
1380556833750641;0.5;40.3;Sun Nov 10 2019 15:01:45 GMT+0100 (CET);Sun Nov 10 2019 14:01:45 GMT+0100 (CET);1573394505000;0.37;282.32;14.75
1380556833750641;2;40;Sun Nov 10 2019 15:03:54 GMT+0100 (CET);Sun Nov 10 2019 14:03:54 GMT+0100 (CET);1573394634000;0.35;200.51;14.66
1380556833750641;2;39;Sun Nov 10 2019 15:05:58 GMT+0100 (CET);Sun Nov 10 2019 14:05:58 GMT+0100 (CET);1573394758000;0.32;89.76;14.26
1380556833750641;2;38.8;Sun Nov 10 2019 15:07:52 GMT+0100 (CET);Sun Nov 10 2019 14:07:52 GMT+0100 (CET);1573394872000;0.31;74.51;13.84
1380556833750641;2;40.3;Wed Nov 13 2019 13:30:41 GMT+0100 (CET);Wed Nov 13 2019 12:30:41 GMT+0100 (CET);1573648241000;0.56;604.15;13.49
1380556833750641;2;40.3;Wed Nov 13 2019 13:32:34 GMT+0100 (CET);Wed Nov 13 2019 12:32:34 GMT+0100 (CET);1573648354000;0.53;599.03;14.28
1380556833750641;2;40.3;Wed Nov 13 2019 13:34:27 GMT+0100 (CET);Wed Nov 13 2019 12:34:27 GMT+0100 (CET);1573648467000;0.54;514.55;14.75
1380556833750641;3.5;40.1;Wed Nov 13 2019 13:36:21 GMT+0100 (CET);Wed Nov 13 2019 12:36:21 GMT+0100 (CET);1573648581000;0.65;616.95;15.01
1380556833750641;3.5;38;Wed Nov 13 2019 13:38:14 GMT+0100 (CET);Wed Nov 13 2019 12:38:14 GMT+0100 (CET);1573648694000;0.8;614.39;14.95
1380556833750641;2.5;37.3;Wed Nov 13 2019 13:40:13 GMT+0100 (CET);Wed Nov 13 2019 12:40:13 GMT+0100 (CET);1573648813000;0.73;471.03;14.75
1380556833750641;2.5;37.3;Wed Nov 13 2019 13:42:06 GMT+0100 (CET);Wed Nov 13 2019 12:42:06 GMT+0100 (CET);1573648926000;0.66;383.99;14.35
1380556833750641;0.5;36.3;Wed Nov 13 2019 13:43:59 GMT+0100 (CET);Wed Nov 13 2019 12:43:59 GMT+0100 (CET);1573649039000;0.76;243.52;14.09
1380556833750641;0.5;36.2;Wed Nov 13 2019 13:45:52 GMT+0100 (CET);Wed Nov 13 2019 12:45:52 GMT+0100 (CET);1573649152000;0.97;335.35;13.91
1380556833750641;0.5;36.2;Wed Nov 13 2019 13:47:45 GMT+0100 (CET);Wed Nov 13 2019 12:47:45 GMT+0100 (CET);1573649265000;0.91;247.84;13.6
1380556833750641;0.5;37.8;Thu Nov 14 2019 11:01:23 GMT+0100 (CET);Thu Nov 14 2019 10:01:23 GMT+0100 (CET);1573725683000;2.42;688.93;10.56
1380556833750641;0.5;38.4;Thu Nov 14 2019 11:03:16 GMT+0100 (CET);Thu Nov 14 2019 10:03:16 GMT+0100 (CET);1573725796000;2.35;669.77;10.53
1380556833750641;0.5;38.6;Thu Nov 14 2019 11:05:09 GMT+0100 (CET);Thu Nov 14 2019 10:05:09 GMT+0100 (CET);1573725909000;2.35;752.61;10.77
1380556833750641;2;38.2;Thu Nov 14 2019 11:07:26 GMT+0100 (CET);Thu Nov 14 2019 10:07:26 GMT+0100 (CET);1573726046000;2.64;738.65;11.3
1380556833750641;2;38;Thu Nov 14 2019 11:09:20 GMT+0100 (CET);Thu Nov 14 2019 10:09:20 GMT+0100 (CET);1573726160000;2.87;708.99;11.59
1380556833750641;2.5;37.8;Thu Nov 14 2019 11:11:16 GMT+0100 (CET);Thu Nov 14 2019 10:11:16 GMT+0100 (CET);1573726276000;2.17;581.11;11.6
1380556833750641;2.5;37;Thu Nov 14 2019 11:13:09 GMT+0100 (CET);Thu Nov 14 2019 10:13:09 GMT+0100 (CET);1573726389000;2.02;455.67;11.4
1380556833750641;2.5;36.4;Thu Nov 14 2019 11:15:06 GMT+0100 (CET);Thu Nov 14 2019 10:15:06 GMT+0100 (CET);1573726506000;1.41;363.51;10.78
1380556833750641;2.5;36.6;Thu Nov 14 2019 11:16:59 GMT+0100 (CET);Thu Nov 14 2019 10:16:59 GMT+0100 (CET);1573726619000;1.38;337.91;10.33
1380556833750641;2.5;37;Thu Nov 14 2019 11:18:54 GMT+0100 (CET);Thu Nov 14 2019 10:18:54 GMT+0100 (CET);1573726734000;1.42;335.35;9.9
1380556833750641;2;37.5;Thu Nov 14 2019 11:20:48 GMT+0100 (CET);Thu Nov 14 2019 10:20:48 GMT+0100 (CET);1573726848000;1.6;430.07;9.62
1380556833750641;2;38;Thu Nov 14 2019 11:23:14 GMT+0100 (CET);Thu Nov 14 2019 10:23:14 GMT+0100 (CET);1573726994000;1.37;358.39;9.41
1380556833750641;2;36.5;Thu Nov 14 2019 11:25:07 GMT+0100 (CET);Thu Nov 14 2019 10:25:07 GMT+0100 (CET);1573727107000;1.1;268.84;9.18
1380556833750641;2;37.4;Thu Nov 14 2019 11:27:00 GMT+0100 (CET);Thu Nov 14 2019 10:27:00 GMT+0100 (CET);1573727220000;1.07;254.68;8.78
1380556833750641;2;37;Thu Nov 14 2019 11:28:53 GMT+0100 (CET);Thu Nov 14 2019 10:28:53 GMT+0100 (CET);1573727333000;1.02;240.24;8.46
1380556833750641;2;37;Thu Nov 14 2019 11:30:46 GMT+0100 (CET);Thu Nov 14 2019 10:30:46 GMT+0100 (CET);1573727446000;1.12;264.11;8.32
1380556833750641;2;36.7;Thu Nov 14 2019 11:32:39 GMT+0100 (CET);Thu Nov 14 2019 10:32:39 GMT+0100 (CET);1573727559000;1.1;260.22;8.28
1380556833750641;0.5;37.3;Thu Nov 14 2019 12:20:55 GMT+0100 (CET);Thu Nov 14 2019 11:20:55 GMT+0100 (CET);1573730455000;2.44;624.63;12.02
1380556833750641;0.5;37.2;Thu Nov 14 2019 12:22:55 GMT+0100 (CET);Thu Nov 14 2019 11:22:55 GMT+0100 (CET);1573730575000;2.16;545.27;11.95
1380556833750641;2;37.3;Thu Nov 14 2019 12:24:52 GMT+0100 (CET);Thu Nov 14 2019 11:24:52 GMT+0100 (CET);1573730692000;2.33;578.55;11.87
1380556833750641;2;37.1;Thu Nov 14 2019 12:26:49 GMT+0100 (CET);Thu Nov 14 2019 11:26:49 GMT+0100 (CET);1573730809000;2.25;570.87;11.78
1380556833750641;2;37;Thu Nov 14 2019 12:28:41 GMT+0100 (CET);Thu Nov 14 2019 11:28:41 GMT+0100 (CET);1573730921000;2.28;558.07;11.65
1380556833750641;2;37.4;Thu Nov 14 2019 12:30:34 GMT+0100 (CET);Thu Nov 14 2019 11:30:34 GMT+0100 (CET);1573731034000;2.61;661.69;11.64
1380556833750641;2;37;Thu Nov 14 2019 12:32:28 GMT+0100 (CET);Thu Nov 14 2019 11:32:28 GMT+0100 (CET);1573731148000;2.51;629.75;11.97
1380556833750641;2.5;37.5;Thu Nov 14 2019 12:34:24 GMT+0100 (CET);Thu Nov 14 2019 11:34:24 GMT+0100 (CET);1573731264000;2.55;657.62;12.28
1380556833750641;2.5;37.1;Thu Nov 14 2019 12:36:22 GMT+0100 (CET);Thu Nov 14 2019 11:36:22 GMT+0100 (CET);1573731382000;2.56;647.67;12.55
1380556833750641;2.5;36.8;Thu Nov 14 2019 12:38:15 GMT+0100 (CET);Thu Nov 14 2019 11:38:15 GMT+0100 (CET);1573731495000;2.59;642.55;12.85
1380556833750641;2.5;36.9;Thu Nov 14 2019 12:40:32 GMT+0100 (CET);Thu Nov 14 2019 11:40:32 GMT+0100 (CET);1573731632000;2.61;639.99;13.08
1380556833750641;2.5;37;Thu Nov 14 2019 12:42:29 GMT+0100 (CET);Thu Nov 14 2019 11:42:29 GMT+0100 (CET);1573731749000;2.27;632.31;13.26
1380556833750641;3.5;36.7;Thu Nov 14 2019 12:44:23 GMT+0100 (CET);Thu Nov 14 2019 11:44:23 GMT+0100 (CET);1573731863000;2.37;632.31;13.29
1380556833750641;3.5;36.9;Thu Nov 14 2019 12:46:16 GMT+0100 (CET);Thu Nov 14 2019 11:46:16 GMT+0100 (CET);1573731976000;2.56;632.31;13.31
1380556833750641;3.5;36.6;Thu Nov 14 2019 12:48:13 GMT+0100 (CET);Thu Nov 14 2019 11:48:13 GMT+0100 (CET);1573732093000;2.39;627.19;13.37
1380556833750641;3.5;37.1;Thu Nov 14 2019 12:50:07 GMT+0100 (CET);Thu Nov 14 2019 11:50:07 GMT+0100 (CET);1573732207000;2.04;627.19;13.44
1380556833750641;3.5;39.3;Thu Nov 14 2019 12:52:01 GMT+0100 (CET);Thu Nov 14 2019 11:52:01 GMT+0100 (CET);1573732321000;1.49;619.51;13.43
1380556833750641;3.5;39.2;Thu Nov 14 2019 12:54:10 GMT+0100 (CET);Thu Nov 14 2019 11:54:10 GMT+0100 (CET);1573732450000;1.48;616.95;13.36
1380556833750641;3.5;40.1;Thu Nov 14 2019 12:56:02 GMT+0100 (CET);Thu Nov 14 2019 11:56:02 GMT+0100 (CET);1573732562000;1.51;616.95;13.35
1380556833750641;3.5;39.9;Thu Nov 14 2019 12:57:55 GMT+0100 (CET);Thu Nov 14 2019 11:57:55 GMT+0100 (CET);1573732675000;1.31;611.83;13.6
1380556833750641;6;39.7;Thu Nov 14 2019 12:59:48 GMT+0100 (CET);Thu Nov 14 2019 11:59:48 GMT+0100 (CET);1573732788000;1.22;609.27;14.02
1380556833750641;6;39.4;Thu Nov 14 2019 13:01:42 GMT+0100 (CET);Thu Nov 14 2019 12:01:42 GMT+0100 (CET);1573732902000;1.43;606.71;14.29
1380556833750641;8;40.2;Thu Nov 14 2019 13:03:50 GMT+0100 (CET);Thu Nov 14 2019 12:03:50 GMT+0100 (CET);1573733030000;0.33;601.59;14.44
1380556833750641;8;40.3;Thu Nov 14 2019 13:05:44 GMT+0100 (CET);Thu Nov 14 2019 12:05:44 GMT+0100 (CET);1573733144000;0.33;601.59;14.35
1380556833750641;8.5;40.3;Thu Nov 14 2019 13:09:20 GMT+0100 (CET);Thu Nov 14 2019 12:09:20 GMT+0100 (CET);1573733360000;0.31;596.47;14.13
1380556833750641;8.5;40.3;Thu Nov 14 2019 13:11:19 GMT+0100 (CET);Thu Nov 14 2019 12:11:19 GMT+0100 (CET);1573733479000;0.31;593.91;14.15
1380556833750641;10;40.3;Thu Nov 14 2019 13:13:12 GMT+0100 (CET);Thu Nov 14 2019 12:13:12 GMT+0100 (CET);1573733592000;0.3;591.35;14.03
1380556833750641;10;40.3;Thu Nov 14 2019 13:15:14 GMT+0100 (CET);Thu Nov 14 2019 12:15:14 GMT+0100 (CET);1573733714000;0.29;588.79;14.14
1380556833750641;10;40.3;Thu Nov 14 2019 13:17:08 GMT+0100 (CET);Thu Nov 14 2019 12:17:08 GMT+0100 (CET);1573733828000;0.29;583.67;14.22
1380556833750641;10;40.3;Thu Nov 14 2019 13:19:27 GMT+0100 (CET);Thu Nov 14 2019 12:19:27 GMT+0100 (CET);1573733967000;0.29;581.11;14.06
1380556833750641;10;40.3;Thu Nov 14 2019 13:21:25 GMT+0100 (CET);Thu Nov 14 2019 12:21:25 GMT+0100 (CET);1573734085000;0.29;575.99;13.85
1380556833750641;10;40.3;Thu Nov 14 2019 13:23:18 GMT+0100 (CET);Thu Nov 14 2019 12:23:18 GMT+0100 (CET);1573734198000;0.28;573.43;13.59
1380556833750641;10;40.3;Thu Nov 14 2019 13:25:17 GMT+0100 (CET);Thu Nov 14 2019 12:25:17 GMT+0100 (CET);1573734317000;0.28;573.43;13.41
1380556833750641;10;40.3;Thu Nov 14 2019 13:27:12 GMT+0100 (CET);Thu Nov 14 2019 12:27:12 GMT+0100 (CET);1573734432000;0.26;568.31;13.28
1380556833750641;10;40.3;Thu Nov 14 2019 13:29:06 GMT+0100 (CET);Thu Nov 14 2019 12:29:06 GMT+0100 (CET);1573734546000;0.27;563.19;13.04
1380556833750641;10;40.3;Thu Nov 14 2019 13:31:04 GMT+0100 (CET);Thu Nov 14 2019 12:31:04 GMT+0100 (CET);1573734664000;0.25;560.63;12.84
1380556833750641;10;40.3;Thu Nov 14 2019 13:32:57 GMT+0100 (CET);Thu Nov 14 2019 12:32:57 GMT+0100 (CET);1573734777000;0.27;558.07;12.82
1380556833750641;10;40.2;Thu Nov 14 2019 13:35:01 GMT+0100 (CET);Thu Nov 14 2019 12:35:01 GMT+0100 (CET);1573734901000;0.27;555.51;12.96
1380556833750641;8;39;Thu Nov 14 2019 13:37:35 GMT+0100 (CET);Thu Nov 14 2019 12:37:35 GMT+0100 (CET);1573735055000;0.27;552.95;13.02
1380556833750641;8;36.9;Thu Nov 14 2019 13:39:28 GMT+0100 (CET);Thu Nov 14 2019 12:39:28 GMT+0100 (CET);1573735168000;0.26;547.83;13.01
1380556833750641;8;35.2;Thu Nov 14 2019 13:41:30 GMT+0100 (CET);Thu Nov 14 2019 12:41:30 GMT+0100 (CET);1573735290000;0.26;545.27;12.89
1380556833750641;8;34.2;Thu Nov 14 2019 13:43:25 GMT+0100 (CET);Thu Nov 14 2019 12:43:25 GMT+0100 (CET);1573735405000;0.26;542.71;12.78
1380556833750641;8;34.2;Thu Nov 14 2019 13:45:18 GMT+0100 (CET);Thu Nov 14 2019 12:45:18 GMT+0100 (CET);1573735518000;0.26;540.15;12.79
1380556833750641;8;34.9;Thu Nov 14 2019 13:47:11 GMT+0100 (CET);Thu Nov 14 2019 12:47:11 GMT+0100 (CET);1573735631000;0.25;537.59;12.92
1380556833750641;8;35.1;Thu Nov 14 2019 13:49:12 GMT+0100 (CET);Thu Nov 14 2019 12:49:12 GMT+0100 (CET);1573735752000;0.27;424.95;13.07
1380556833750641;8;34.7;Thu Nov 14 2019 13:51:19 GMT+0100 (CET);Thu Nov 14 2019 12:51:19 GMT+0100 (CET);1573735879000;0.26;332.79;12.9
1380556833750641;8;35.2;Thu Nov 14 2019 13:53:12 GMT+0100 (CET);Thu Nov 14 2019 12:53:12 GMT+0100 (CET);1573735992000;0.25;255.47;12.55
1380556833750641;8;35.7;Thu Nov 14 2019 13:55:05 GMT+0100 (CET);Thu Nov 14 2019 12:55:05 GMT+0100 (CET);1573736105000;0.27;314.46;12.29
1380556833750641;8;36.2;Thu Nov 14 2019 13:56:58 GMT+0100 (CET);Thu Nov 14 2019 12:56:58 GMT+0100 (CET);1573736218000;0.3;465.91;12.03
1380556833750641;8;36.5;Thu Nov 14 2019 13:58:52 GMT+0100 (CET);Thu Nov 14 2019 12:58:52 GMT+0100 (CET);1573736332000;0.3;350.71;11.85
1380556833750641;8;36.6;Thu Nov 14 2019 14:00:45 GMT+0100 (CET);Thu Nov 14 2019 13:00:45 GMT+0100 (CET);1573736445000;0.32;294.8;11.64
1380556833750641;8;36.5;Thu Nov 14 2019 14:02:48 GMT+0100 (CET);Thu Nov 14 2019 13:02:48 GMT+0100 (CET);1573736568000;0.31;176.56;11.14
1380556833750641;8;37.1;Thu Nov 14 2019 14:04:42 GMT+0100 (CET);Thu Nov 14 2019 13:04:42 GMT+0100 (CET);1573736682000;0.32;269.34;10.92
1380556833750641;8;37.4;Thu Nov 14 2019 14:07:01 GMT+0100 (CET);Thu Nov 14 2019 13:07:01 GMT+0100 (CET);1573736821000;0.35;257.66;10.77
1380556833750641;0.5;40.2;Sat Nov 16 2019 13:31:39 GMT+0100 (CET);Sat Nov 16 2019 12:31:39 GMT+0100 (CET);1573907499000;0.87;545.27;13.01
1380556833750641;0.5;40.3;Sat Nov 16 2019 13:33:35 GMT+0100 (CET);Sat Nov 16 2019 12:33:35 GMT+0100 (CET);1573907615000;0.9;568.31;13.77
1380556833750641;2.5;39.5;Sat Nov 16 2019 13:35:39 GMT+0100 (CET);Sat Nov 16 2019 12:35:39 GMT+0100 (CET);1573907739000;0.92;596.47;14.4
1380556833750641;2.5;38.2;Sat Nov 16 2019 13:37:35 GMT+0100 (CET);Sat Nov 16 2019 12:37:35 GMT+0100 (CET);1573907855000;0.91;555.51;15.06
1380556833750641;2.5;36.8;Sat Nov 16 2019 13:39:28 GMT+0100 (CET);Sat Nov 16 2019 12:39:28 GMT+0100 (CET);1573907968000;0.89;396.79;15.62
1380556833750641;2.5;36.8;Sat Nov 16 2019 13:41:22 GMT+0100 (CET);Sat Nov 16 2019 12:41:22 GMT+0100 (CET);1573908082000;0.87;224.36;15.41
1380556833750641;2.5;34.6;Sat Nov 16 2019 13:43:15 GMT+0100 (CET);Sat Nov 16 2019 12:43:15 GMT+0100 (CET);1573908195000;0.72;170.41;14.81
1380556833750641;0.5;35.2;Sat Nov 16 2019 13:45:15 GMT+0100 (CET);Sat Nov 16 2019 12:45:15 GMT+0100 (CET);1573908315000;0.64;154.28;14.03
1380556833750641;0.5;35.1;Sat Nov 16 2019 13:47:09 GMT+0100 (CET);Sat Nov 16 2019 12:47:09 GMT+0100 (CET);1573908429000;0.6;155.86;13.47
1380556833750641;0.5;36;Sat Nov 16 2019 13:49:09 GMT+0100 (CET);Sat Nov 16 2019 12:49:09 GMT+0100 (CET);1573908549000;0.49;234.71;12.97
1380556833750641;0.5;35.8;Sat Nov 16 2019 13:51:08 GMT+0100 (CET);Sat Nov 16 2019 12:51:08 GMT+0100 (CET);1573908668000;0.55;294.47;12.93
1380556833750641;0.5;35.9;Sat Nov 16 2019 13:53:01 GMT+0100 (CET);Sat Nov 16 2019 12:53:01 GMT+0100 (CET);1573908781000;0.55;158.59;12.82
1380556833750641;0.5;35.1;Sat Nov 16 2019 13:54:54 GMT+0100 (CET);Sat Nov 16 2019 12:54:54 GMT+0100 (CET);1573908894000;0.52;145.71;12.6
1380556833750641;0.5;35.6;Sat Nov 16 2019 13:56:47 GMT+0100 (CET);Sat Nov 16 2019 12:56:47 GMT+0100 (CET);1573909007000;0.48;114.82;12.39
1380556833750641;0.5;35.1;Sat Nov 16 2019 13:58:40 GMT+0100 (CET);Sat Nov 16 2019 12:58:40 GMT+0100 (CET);1573909120000;0.46;102.79;11.93
1380556833750641;0.5;36.9;Mon Nov 18 2019 11:05:00 GMT+0100 (CET);Mon Nov 18 2019 10:05:00 GMT+0100 (CET);1574071500000;0.7;197.58;11.78
1380556833750641;0.5;36.9;Mon Nov 18 2019 11:06:52 GMT+0100 (CET);Mon Nov 18 2019 10:06:52 GMT+0100 (CET);1574071612000;2.67;665.55;11.98
1380556833750641;2;37.4;Mon Nov 18 2019 11:09:15 GMT+0100 (CET);Mon Nov 18 2019 10:09:15 GMT+0100 (CET);1574071755000;2.62;662.39;12.39
1380556833750641;2;37.3;Mon Nov 18 2019 11:11:08 GMT+0100 (CET);Mon Nov 18 2019 10:11:08 GMT+0100 (CET);1574071868000;2.53;676.1;12.67
1380556833750641;2;37.8;Mon Nov 18 2019 11:13:03 GMT+0100 (CET);Mon Nov 18 2019 10:13:03 GMT+0100 (CET);1574071983000;2.2;519.67;12.89
1380556833750641;2;35.8;Mon Nov 18 2019 11:14:56 GMT+0100 (CET);Mon Nov 18 2019 10:14:56 GMT+0100 (CET);1574072096000;0.69;166.42;12.73
1380556833750641;2;36.4;Mon Nov 18 2019 11:16:48 GMT+0100 (CET);Mon Nov 18 2019 10:16:48 GMT+0100 (CET);1574072208000;0.71;165.6;12.34
1380556833750641;2;34.8;Mon Nov 18 2019 11:18:45 GMT+0100 (CET);Mon Nov 18 2019 10:18:45 GMT+0100 (CET);1574072325000;0.81;324.47;11.61
1380556833750641;2;38.8;Mon Nov 18 2019 11:20:41 GMT+0100 (CET);Mon Nov 18 2019 10:20:41 GMT+0100 (CET);1574072441000;2.6;681.28;11.67
1380556833750641;2;38.2;Mon Nov 18 2019 11:22:34 GMT+0100 (CET);Mon Nov 18 2019 10:22:34 GMT+0100 (CET);1574072554000;1.04;460.79;11.79
1380556833750641;2;37.2;Mon Nov 18 2019 11:24:37 GMT+0100 (CET);Mon Nov 18 2019 10:24:37 GMT+0100 (CET);1574072677000;0.58;145.16;11.31
1380556833750641;2;35.5;Mon Nov 18 2019 11:26:29 GMT+0100 (CET);Mon Nov 18 2019 10:26:29 GMT+0100 (CET);1574072789000;0.76;186.79;10.56
1380556833750641;2;36.7;Mon Nov 18 2019 11:28:22 GMT+0100 (CET);Mon Nov 18 2019 10:28:22 GMT+0100 (CET);1574072902000;0.87;220.97;10.12
1380556833750641;2;36.1;Mon Nov 18 2019 11:30:15 GMT+0100 (CET);Mon Nov 18 2019 10:30:15 GMT+0100 (CET);1574073015000;1.25;264.76;9.82
1380556833750641;0.5;37.8;Mon Nov 18 2019 11:32:09 GMT+0100 (CET);Mon Nov 18 2019 10:32:09 GMT+0100 (CET);1574073129000;2.78;724.06;10.25
1380556833750641;0.5;39;Mon Nov 18 2019 11:34:02 GMT+0100 (CET);Mon Nov 18 2019 10:34:02 GMT+0100 (CET);1574073242000;2.88;787.54;11.16
1380556833750641;0.5;38.9;Mon Nov 18 2019 11:35:56 GMT+0100 (CET);Mon Nov 18 2019 10:35:56 GMT+0100 (CET);1574073356000;0.78;179.24;11.89
1380556833750641;0.5;34.7;Mon Nov 18 2019 11:37:49 GMT+0100 (CET);Mon Nov 18 2019 10:37:49 GMT+0100 (CET);1574073469000;0.68;161.15;11.8
1380556833750641;0.5;39.7;Mon Nov 18 2019 11:40:04 GMT+0100 (CET);Mon Nov 18 2019 10:40:04 GMT+0100 (CET);1574073604000;2.09;693.98;11.28
1380556833750641;2;39.4;Mon Nov 18 2019 11:41:56 GMT+0100 (CET);Mon Nov 18 2019 10:41:56 GMT+0100 (CET);1574073716000;0.63;190.91;11.54
1380556833750641;2;35.3;Mon Nov 18 2019 11:43:49 GMT+0100 (CET);Mon Nov 18 2019 10:43:49 GMT+0100 (CET);1574073829000;0.63;147.96;11.19
1380556833750641;2;35.5;Mon Nov 18 2019 11:45:42 GMT+0100 (CET);Mon Nov 18 2019 10:45:42 GMT+0100 (CET);1574073942000;1.56;565.75;10.75
1380556833750641;2;39;Mon Nov 18 2019 11:47:44 GMT+0100 (CET);Mon Nov 18 2019 10:47:44 GMT+0100 (CET);1574074064000;2.65;713.11;10.98
1380556833750641;2;38.6;Mon Nov 18 2019 11:49:36 GMT+0100 (CET);Mon Nov 18 2019 10:49:36 GMT+0100 (CET);1574074176000;2.71;745.08;11.46
1380556833750641;0.5;38.1;Mon Nov 18 2019 11:51:29 GMT+0100 (CET);Mon Nov 18 2019 10:51:29 GMT+0100 (CET);1574074289000;0.71;162.57;11.64
1380556833750641;0.5;35.4;Mon Nov 18 2019 11:53:22 GMT+0100 (CET);Mon Nov 18 2019 10:53:22 GMT+0100 (CET);1574074402000;0.82;214.7;11.25
1380556833750641;2;40.3;Wed Nov 20 2019 12:56:00 GMT+0100 (CET);Wed Nov 20 2019 11:56:00 GMT+0100 (CET);1574250960000;0.57;588.79;12.35
1380556833750641;2;40.3;Wed Nov 20 2019 12:58:00 GMT+0100 (CET);Wed Nov 20 2019 11:58:00 GMT+0100 (CET);1574251080000;0.54;591.35;12.52
1380556833750641;3.5;40.3;Wed Nov 20 2019 12:59:53 GMT+0100 (CET);Wed Nov 20 2019 11:59:53 GMT+0100 (CET);1574251193000;0.5;570.87;12.6
1380556833750641;3.5;40.3;Wed Nov 20 2019 13:01:46 GMT+0100 (CET);Wed Nov 20 2019 12:01:46 GMT+0100 (CET);1574251306000;0.5;581.11;12.78
1380556833750641;3.5;40.3;Wed Nov 20 2019 13:03:39 GMT+0100 (CET);Wed Nov 20 2019 12:03:39 GMT+0100 (CET);1574251419000;0.52;591.35;12.85
1380556833750641;6;40.3;Wed Nov 20 2019 13:05:33 GMT+0100 (CET);Wed Nov 20 2019 12:05:33 GMT+0100 (CET);1574251533000;0.54;578.55;12.91
1380556833750641;6;39.9;Wed Nov 20 2019 13:07:25 GMT+0100 (CET);Wed Nov 20 2019 12:07:25 GMT+0100 (CET);1574251645000;0.47;494.07;12.79
1380556833750641;6;40.2;Wed Nov 20 2019 13:09:19 GMT+0100 (CET);Wed Nov 20 2019 12:09:19 GMT+0100 (CET);1574251759000;0.42;568.31;12.57
1380556833750641;6;40.3;Wed Nov 20 2019 13:11:12 GMT+0100 (CET);Wed Nov 20 2019 12:11:12 GMT+0100 (CET);1574251872000;0.42;563.19;12.65
1380556833750641;6;40.3;Wed Nov 20 2019 13:13:05 GMT+0100 (CET);Wed Nov 20 2019 12:13:05 GMT+0100 (CET);1574251985000;0.43;568.31;12.89
1380556833750641;6;40.3;Wed Nov 20 2019 13:14:58 GMT+0100 (CET);Wed Nov 20 2019 12:14:58 GMT+0100 (CET);1574252098000;0.42;563.19;13.17
1380556833750641;6;40.3;Wed Nov 20 2019 13:16:53 GMT+0100 (CET);Wed Nov 20 2019 12:16:53 GMT+0100 (CET);1574252213000;0.39;555.51;13.28
1380556833750641;6.5;40.3;Wed Nov 20 2019 13:18:46 GMT+0100 (CET);Wed Nov 20 2019 12:18:46 GMT+0100 (CET);1574252326000;0.36;550.39;13.5
1380556833750641;6.5;40.3;Wed Nov 20 2019 13:20:39 GMT+0100 (CET);Wed Nov 20 2019 12:20:39 GMT+0100 (CET);1574252439000;0.34;547.83;13.58
1380556833750641;6.5;40.3;Wed Nov 20 2019 13:22:32 GMT+0100 (CET);Wed Nov 20 2019 12:22:32 GMT+0100 (CET);1574252552000;0.33;542.71;13.72
1380556833750641;6.5;40.3;Wed Nov 20 2019 13:24:25 GMT+0100 (CET);Wed Nov 20 2019 12:24:25 GMT+0100 (CET);1574252665000;0.33;537.59;13.85
1380556833750641;6.5;40.3;Wed Nov 20 2019 13:26:18 GMT+0100 (CET);Wed Nov 20 2019 12:26:18 GMT+0100 (CET);1574252778000;0.33;537.59;13.74
1380556833750641;8;40.3;Wed Nov 20 2019 13:28:11 GMT+0100 (CET);Wed Nov 20 2019 12:28:11 GMT+0100 (CET);1574252891000;0.33;532.47;13.72
1380556833750641;8;40.3;Wed Nov 20 2019 13:30:04 GMT+0100 (CET);Wed Nov 20 2019 12:30:04 GMT+0100 (CET);1574253004000;0.34;535.03;13.71
1380556833750641;8;40.3;Wed Nov 20 2019 13:31:57 GMT+0100 (CET);Wed Nov 20 2019 12:31:57 GMT+0100 (CET);1574253117000;0.32;522.23;13.82
1380556833750641;8;40;Wed Nov 20 2019 13:33:51 GMT+0100 (CET);Wed Nov 20 2019 12:33:51 GMT+0100 (CET);1574253231000;0.32;519.67;13.92
1380556833750641;8;39;Wed Nov 20 2019 13:35:43 GMT+0100 (CET);Wed Nov 20 2019 12:35:43 GMT+0100 (CET);1574253343000;0.32;522.23;14.09
1380556833750641;8;37.1;Wed Nov 20 2019 13:37:36 GMT+0100 (CET);Wed Nov 20 2019 12:37:36 GMT+0100 (CET);1574253456000;0.31;511.99;14.18
1380556833750641;8;35.5;Wed Nov 20 2019 13:39:29 GMT+0100 (CET);Wed Nov 20 2019 12:39:29 GMT+0100 (CET);1574253569000;0.31;511.99;14.23
1380556833750641;8;34.4;Wed Nov 20 2019 13:41:23 GMT+0100 (CET);Wed Nov 20 2019 12:41:23 GMT+0100 (CET);1574253683000;0.31;509.43;14.32
1380556833750641;0.5;34;Sat Nov 23 2019 10:32:28 GMT+0100 (CET);Sat Nov 23 2019 09:32:28 GMT+0100 (CET);1574501548000;2.51;542.71;12.82
1380556833750641;0.5;34;Sat Nov 23 2019 10:34:44 GMT+0100 (CET);Sat Nov 23 2019 09:34:44 GMT+0100 (CET);1574501684000;2.54;547.83;12.85
1380556833750641;0.5;33.9;Sat Nov 23 2019 10:36:37 GMT+0100 (CET);Sat Nov 23 2019 09:36:37 GMT+0100 (CET);1574501797000;2.56;552.95;12.92
1380556833750641;0.5;33.9;Sat Nov 23 2019 10:38:31 GMT+0100 (CET);Sat Nov 23 2019 09:38:31 GMT+0100 (CET);1574501911000;2.62;568.31;12.95
1380556833750641;0.5;34.1;Sat Nov 23 2019 10:40:25 GMT+0100 (CET);Sat Nov 23 2019 09:40:25 GMT+0100 (CET);1574502025000;2.62;573.43;13.03
1380556833750641;0.5;34.3;Sat Nov 23 2019 10:42:18 GMT+0100 (CET);Sat Nov 23 2019 09:42:18 GMT+0100 (CET);1574502138000;2.64;581.11;13.05
1380556833750641;0.5;34.5;Sat Nov 23 2019 10:44:11 GMT+0100 (CET);Sat Nov 23 2019 09:44:11 GMT+0100 (CET);1574502251000;2.64;583.67;13.28
1380556833750641;2;34.7;Sat Nov 23 2019 10:46:14 GMT+0100 (CET);Sat Nov 23 2019 09:46:14 GMT+0100 (CET);1574502374000;2.6;578.55;13.5
1380556833750641;2;35;Sat Nov 23 2019 10:48:35 GMT+0100 (CET);Sat Nov 23 2019 09:48:35 GMT+0100 (CET);1574502515000;2.63;583.67;13.49
1380556833750641;2;35.1;Sat Nov 23 2019 10:50:43 GMT+0100 (CET);Sat Nov 23 2019 09:50:43 GMT+0100 (CET);1574502643000;2.6;581.11;13.55
1380556833750641;2;35.1;Sat Nov 23 2019 10:52:37 GMT+0100 (CET);Sat Nov 23 2019 09:52:37 GMT+0100 (CET);1574502757000;2.58;586.23;13.64
1380556833750641;2;35.7;Sat Nov 23 2019 10:54:32 GMT+0100 (CET);Sat Nov 23 2019 09:54:32 GMT+0100 (CET);1574502872000;2.4;578.55;13.83
1380556833750641;2.5;36.9;Sat Nov 23 2019 10:56:24 GMT+0100 (CET);Sat Nov 23 2019 09:56:24 GMT+0100 (CET);1574502984000;2.4;581.11;13.89
1380556833750641;2.5;37.3;Sat Nov 23 2019 10:58:17 GMT+0100 (CET);Sat Nov 23 2019 09:58:17 GMT+0100 (CET);1574503097000;2.28;614.39;13.88
1380556833750641;2.5;38.2;Sat Nov 23 2019 11:00:13 GMT+0100 (CET);Sat Nov 23 2019 10:00:13 GMT+0100 (CET);1574503213000;2.34;616.95;13.86
1380556833750641;2.5;37.9;Sat Nov 23 2019 11:02:09 GMT+0100 (CET);Sat Nov 23 2019 10:02:09 GMT+0100 (CET);1574503329000;2.28;619.51;13.91
1380556833750641;2.5;37.5;Sat Nov 23 2019 11:04:03 GMT+0100 (CET);Sat Nov 23 2019 10:04:03 GMT+0100 (CET);1574503443000;2.17;611.83;13.97
1380556833750641;2.5;38.2;Sat Nov 23 2019 11:05:50 GMT+0100 (CET);Sat Nov 23 2019 10:05:50 GMT+0100 (CET);1574503550000;2.09;588.79;14.1
1380556833750641;2.5;37.7;Sat Nov 23 2019 11:07:42 GMT+0100 (CET);Sat Nov 23 2019 10:07:42 GMT+0100 (CET);1574503662000;1.89;509.43;14.13
1380556833750641;3.5;37.7;Sat Nov 23 2019 11:09:39 GMT+0100 (CET);Sat Nov 23 2019 10:09:39 GMT+0100 (CET);1574503779000;2.4;624.63;14.24
1380556833750641;3.5;37.4;Sat Nov 23 2019 11:11:32 GMT+0100 (CET);Sat Nov 23 2019 10:11:32 GMT+0100 (CET);1574503892000;2.3;596.47;14.33
1380556833750641;3.5;37.4;Sat Nov 23 2019 11:13:25 GMT+0100 (CET);Sat Nov 23 2019 10:13:25 GMT+0100 (CET);1574504005000;2.4;616.95;14.57
1380556833750641;3.5;37.5;Sat Nov 23 2019 11:15:18 GMT+0100 (CET);Sat Nov 23 2019 10:15:18 GMT+0100 (CET);1574504118000;2.19;586.23;14.71
1380556833750641;3.5;37.5;Sat Nov 23 2019 11:17:17 GMT+0100 (CET);Sat Nov 23 2019 10:17:17 GMT+0100 (CET);1574504237000;1.95;537.59;14.74
1380556833750641;6;37.2;Sat Nov 23 2019 11:19:15 GMT+0100 (CET);Sat Nov 23 2019 10:19:15 GMT+0100 (CET);1574504355000;2.17;601.59;14.73
1380556833750641;6;37.6;Sat Nov 23 2019 11:21:29 GMT+0100 (CET);Sat Nov 23 2019 10:21:29 GMT+0100 (CET);1574504489000;2.08;568.31;14.64
1380556833750641;6;37.7;Sat Nov 23 2019 11:23:22 GMT+0100 (CET);Sat Nov 23 2019 10:23:22 GMT+0100 (CET);1574504602000;2.17;565.75;14.57
1380556833750641;6;37.6;Sat Nov 23 2019 11:25:21 GMT+0100 (CET);Sat Nov 23 2019 10:25:21 GMT+0100 (CET);1574504721000;2.04;563.19;14.5
1380556833750641;6;37.4;Sat Nov 23 2019 11:27:14 GMT+0100 (CET);Sat Nov 23 2019 10:27:14 GMT+0100 (CET);1574504834000;2.04;519.67;14.42
1380556833750641;6;37.7;Sat Nov 23 2019 11:29:07 GMT+0100 (CET);Sat Nov 23 2019 10:29:07 GMT+0100 (CET);1574504947000;1.91;535.03;14.35
1380556833750641;6;37.8;Sat Nov 23 2019 11:31:00 GMT+0100 (CET);Sat Nov 23 2019 10:31:00 GMT+0100 (CET);1574505060000;2;547.83;14.52
1380556833750641;6;37;Sat Nov 23 2019 11:32:52 GMT+0100 (CET);Sat Nov 23 2019 10:32:52 GMT+0100 (CET);1574505172000;1.72;463.35;14.55
1380556833750641;6;37.5;Sat Nov 23 2019 11:34:46 GMT+0100 (CET);Sat Nov 23 2019 10:34:46 GMT+0100 (CET);1574505286000;1.71;458.23;14.42
1380556833750641;6;38;Sat Nov 23 2019 11:36:49 GMT+0100 (CET);Sat Nov 23 2019 10:36:49 GMT+0100 (CET);1574505409000;1.76;499.19;14.36
1380556833750641;6;38.1;Sat Nov 23 2019 11:38:44 GMT+0100 (CET);Sat Nov 23 2019 10:38:44 GMT+0100 (CET);1574505524000;1.63;476.15;14.42
1380556833750641;6;37.9;Sat Nov 23 2019 11:40:37 GMT+0100 (CET);Sat Nov 23 2019 10:40:37 GMT+0100 (CET);1574505637000;1.65;453.11;14.4
1380556833750641;3.5;38;Sat Nov 23 2019 11:42:29 GMT+0100 (CET);Sat Nov 23 2019 10:42:29 GMT+0100 (CET);1574505749000;1.71;491.51;14.36
1380556833750641;3.5;37.9;Sat Nov 23 2019 11:44:27 GMT+0100 (CET);Sat Nov 23 2019 10:44:27 GMT+0100 (CET);1574505867000;1.69;471.03;14.5
1380556833750641;3.5;37.4;Sat Nov 23 2019 11:46:20 GMT+0100 (CET);Sat Nov 23 2019 10:46:20 GMT+0100 (CET);1574505980000;1.71;447.99;14.66
1380556833750641;3.5;37.3;Sat Nov 23 2019 11:48:13 GMT+0100 (CET);Sat Nov 23 2019 10:48:13 GMT+0100 (CET);1574506093000;1.67;468.47;14.77
1380556833750641;3.5;37.4;Sat Nov 23 2019 11:50:08 GMT+0100 (CET);Sat Nov 23 2019 10:50:08 GMT+0100 (CET);1574506208000;1.64;440.31;14.9
1380556833750641;3.5;37.3;Sat Nov 23 2019 11:52:36 GMT+0100 (CET);Sat Nov 23 2019 10:52:36 GMT+0100 (CET);1574506356000;1.67;424.95;14.97
1380556833750641;3.5;36.7;Sat Nov 23 2019 11:54:29 GMT+0100 (CET);Sat Nov 23 2019 10:54:29 GMT+0100 (CET);1574506469000;1.49;366.07;14.78
1380556833750641;3.5;36.7;Sat Nov 23 2019 11:56:24 GMT+0100 (CET);Sat Nov 23 2019 10:56:24 GMT+0100 (CET);1574506584000;1.53;396.79;14.65
1380556833750641;3.5;37.3;Sat Nov 23 2019 11:58:17 GMT+0100 (CET);Sat Nov 23 2019 10:58:17 GMT+0100 (CET);1574506697000;2.09;524.79;14.67
1380556833750641;3.5;37.7;Sat Nov 23 2019 12:00:13 GMT+0100 (CET);Sat Nov 23 2019 11:00:13 GMT+0100 (CET);1574506813000;1.89;496.63;14.76
1380556833750641;3.5;37.3;Sat Nov 23 2019 12:02:06 GMT+0100 (CET);Sat Nov 23 2019 11:02:06 GMT+0100 (CET);1574506926000;1.74;445.43;14.84
1380556833750641;3.5;37.4;Sat Nov 23 2019 12:04:02 GMT+0100 (CET);Sat Nov 23 2019 11:04:02 GMT+0100 (CET);1574507042000;1.72;422.39;14.78
1380556833750641;3.5;36.7;Sat Nov 23 2019 12:05:54 GMT+0100 (CET);Sat Nov 23 2019 11:05:54 GMT+0100 (CET);1574507154000;1.52;381.43;14.78
1380556833750641;3.5;36.7;Sat Nov 23 2019 12:08:14 GMT+0100 (CET);Sat Nov 23 2019 11:08:14 GMT+0100 (CET);1574507294000;1.51;386.55;14.85
1380556833750641;3.5;36.9;Sat Nov 23 2019 12:10:11 GMT+0100 (CET);Sat Nov 23 2019 11:10:11 GMT+0100 (CET);1574507411000;1.54;386.55;14.8
1380556833750641;3.5;36.8;Sat Nov 23 2019 12:12:05 GMT+0100 (CET);Sat Nov 23 2019 11:12:05 GMT+0100 (CET);1574507525000;1.49;391.67;14.85
1380556833750641;3.5;37.2;Sat Nov 23 2019 12:13:59 GMT+0100 (CET);Sat Nov 23 2019 11:13:59 GMT+0100 (CET);1574507639000;1.5;417.27;14.91
1380556833750641;3.5;37.5;Sat Nov 23 2019 12:16:00 GMT+0100 (CET);Sat Nov 23 2019 11:16:00 GMT+0100 (CET);1574507760000;1.67;450.55;14.78
1380556833750641;3.5;38.2;Sat Nov 23 2019 12:18:02 GMT+0100 (CET);Sat Nov 23 2019 11:18:02 GMT+0100 (CET);1574507882000;1.74;468.47;14.98
1380556833750641;3.5;37.3;Sat Nov 23 2019 12:19:55 GMT+0100 (CET);Sat Nov 23 2019 11:19:55 GMT+0100 (CET);1574507995000;1.54;386.55;15.14
1380556833750641;3.5;36.4;Sat Nov 23 2019 12:21:54 GMT+0100 (CET);Sat Nov 23 2019 11:21:54 GMT+0100 (CET);1574508114000;1.41;350.71;14.92
1380556833750641;3.5;36.4;Sat Nov 23 2019 12:24:47 GMT+0100 (CET);Sat Nov 23 2019 11:24:47 GMT+0100 (CET);1574508287000;1.35;337.91;14.54
1380556833750641;2.5;36.5;Sat Nov 23 2019 12:26:51 GMT+0100 (CET);Sat Nov 23 2019 11:26:51 GMT+0100 (CET);1574508411000;1.47;358.39;14.46
1380556833750641;2.5;36.7;Sat Nov 23 2019 12:28:44 GMT+0100 (CET);Sat Nov 23 2019 11:28:44 GMT+0100 (CET);1574508524000;1.44;353.27;14.36
1380556833750641;2.5;36.7;Sat Nov 23 2019 12:30:41 GMT+0100 (CET);Sat Nov 23 2019 11:30:41 GMT+0100 (CET);1574508641000;1.36;332.79;14.39
1380556833750641;2.5;36.2;Sat Nov 23 2019 12:32:37 GMT+0100 (CET);Sat Nov 23 2019 11:32:37 GMT+0100 (CET);1574508757000;1.31;323.92;14.52
1380556833750641;2.5;36.5;Sat Nov 23 2019 12:34:30 GMT+0100 (CET);Sat Nov 23 2019 11:34:30 GMT+0100 (CET);1574508870000;1.33;330.23;14.45
1380556833750641;2;36.6;Sat Nov 23 2019 12:36:23 GMT+0100 (CET);Sat Nov 23 2019 11:36:23 GMT+0100 (CET);1574508983000;1.33;348.15;14.43
1380556833750641;2;36.6;Sat Nov 23 2019 12:38:27 GMT+0100 (CET);Sat Nov 23 2019 11:38:27 GMT+0100 (CET);1574509107000;1.29;330.23;14.44
1380556833750641;2;37.4;Sat Nov 23 2019 12:40:36 GMT+0100 (CET);Sat Nov 23 2019 11:40:36 GMT+0100 (CET);1574509236000;1.27;332.79;14.51
1380556833750641;2;37.3;Sat Nov 23 2019 12:42:30 GMT+0100 (CET);Sat Nov 23 2019 11:42:30 GMT+0100 (CET);1574509350000;1.28;332.79;14.54
1380556833750641;2;37.4;Sat Nov 23 2019 12:44:28 GMT+0100 (CET);Sat Nov 23 2019 11:44:28 GMT+0100 (CET);1574509468000;1.26;332.79;14.47
1380556833750641;2;37.6;Sat Nov 23 2019 12:46:25 GMT+0100 (CET);Sat Nov 23 2019 11:46:25 GMT+0100 (CET);1574509585000;1.09;307.69;14.39
1380556833750641;2;38.6;Sat Nov 23 2019 12:48:18 GMT+0100 (CET);Sat Nov 23 2019 11:48:18 GMT+0100 (CET);1574509698000;0.98;317.16;14.35
1380556833750641;2;39;Sat Nov 23 2019 12:50:23 GMT+0100 (CET);Sat Nov 23 2019 11:50:23 GMT+0100 (CET);1574509823000;0.9;312.36;14.28
1380556833750641;2;39.1;Sat Nov 23 2019 12:52:36 GMT+0100 (CET);Sat Nov 23 2019 11:52:36 GMT+0100 (CET);1574509956000;0.87;308.49;14.23
1380556833750641;2.5;39.2;Sat Nov 23 2019 12:55:01 GMT+0100 (CET);Sat Nov 23 2019 11:55:01 GMT+0100 (CET);1574510101000;0.84;321.2;14.34
1380556833750641;2.5;39.1;Sat Nov 23 2019 12:57:03 GMT+0100 (CET);Sat Nov 23 2019 11:57:03 GMT+0100 (CET);1574510223000;0.84;311.1;14.5
1380556833750641;2.5;39.2;Sat Nov 23 2019 12:58:56 GMT+0100 (CET);Sat Nov 23 2019 11:58:56 GMT+0100 (CET);1574510336000;0.82;318.65;14.57
1380556833750641;2.5;39.4;Sat Nov 23 2019 13:00:52 GMT+0100 (CET);Sat Nov 23 2019 12:00:52 GMT+0100 (CET);1574510452000;0.82;326.15;14.6
1380556833750641;2.5;39.2;Sat Nov 23 2019 13:02:53 GMT+0100 (CET);Sat Nov 23 2019 12:02:53 GMT+0100 (CET);1574510573000;0.8;297.14;14.56
1380556833750641;2.5;38.8;Sat Nov 23 2019 13:04:48 GMT+0100 (CET);Sat Nov 23 2019 12:04:48 GMT+0100 (CET);1574510688000;0.78;276.65;14.49
1380556833750641;2.5;38.6;Sat Nov 23 2019 13:06:46 GMT+0100 (CET);Sat Nov 23 2019 12:06:46 GMT+0100 (CET);1574510806000;0.76;258.03;14.46
1380556833750641;2.5;38.5;Sat Nov 23 2019 13:08:43 GMT+0100 (CET);Sat Nov 23 2019 12:08:43 GMT+0100 (CET);1574510923000;0.74;248.38;14.27
1380556833750641;2.5;38.4;Sat Nov 23 2019 13:10:35 GMT+0100 (CET);Sat Nov 23 2019 12:10:35 GMT+0100 (CET);1574511035000;0.73;246.75;14.13
1380556833750641;2.5;38.4;Sat Nov 23 2019 13:12:34 GMT+0100 (CET);Sat Nov 23 2019 12:12:34 GMT+0100 (CET);1574511154000;0.7;229.64;14.02
1380556833750641;2;38.4;Sat Nov 23 2019 13:14:29 GMT+0100 (CET);Sat Nov 23 2019 12:14:29 GMT+0100 (CET);1574511269000;0.69;216.92;13.9
1380556833750641;2;38;Sat Nov 23 2019 13:16:25 GMT+0100 (CET);Sat Nov 23 2019 12:16:25 GMT+0100 (CET);1574511385000;0.67;214.76;13.81
1380556833750641;2;38.1;Sat Nov 23 2019 13:18:19 GMT+0100 (CET);Sat Nov 23 2019 12:18:19 GMT+0100 (CET);1574511499000;0.67;213.31;13.74
1380556833750641;2;38.1;Sat Nov 23 2019 13:20:24 GMT+0100 (CET);Sat Nov 23 2019 12:20:24 GMT+0100 (CET);1574511624000;0.66;198.27;13.67
1380556833750641;2;37.9;Sat Nov 23 2019 13:21:42 GMT+0100 (CET);Sat Nov 23 2019 12:21:42 GMT+0100 (CET);1574511702000;0.66;189.85;13.67
1380556833750641;0.5;37.5;Sat Nov 23 2019 13:23:37 GMT+0100 (CET);Sat Nov 23 2019 12:23:37 GMT+0100 (CET);1574511817000;0.65;187.5;13.57
1380556833750641;0.5;37.7;Sat Nov 23 2019 13:26:20 GMT+0100 (CET);Sat Nov 23 2019 12:26:20 GMT+0100 (CET);1574511980000;0.64;190.3;13.39
1380556833750641;2;37.7;Tue Nov 26 2019 11:46:34 GMT+0100 (CET);Tue Nov 26 2019 10:46:34 GMT+0100 (CET);1574765194000;1.79;455.67;12.19
1380556833750641;2;37.6;Tue Nov 26 2019 11:48:54 GMT+0100 (CET);Tue Nov 26 2019 10:48:54 GMT+0100 (CET);1574765334000;1.83;478.71;12.36
1380556833750641;2;37.7;Tue Nov 26 2019 11:50:47 GMT+0100 (CET);Tue Nov 26 2019 10:50:47 GMT+0100 (CET);1574765447000;1.87;486.39;12.59
1380556833750641;2;37.5;Tue Nov 26 2019 11:52:40 GMT+0100 (CET);Tue Nov 26 2019 10:52:40 GMT+0100 (CET);1574765560000;1.84;488.95;12.6
1380556833750641;2.5;37.6;Tue Nov 26 2019 11:54:33 GMT+0100 (CET);Tue Nov 26 2019 10:54:33 GMT+0100 (CET);1574765673000;1.88;499.19;12.54
1380556833750641;2.5;37.9;Tue Nov 26 2019 11:56:31 GMT+0100 (CET);Tue Nov 26 2019 10:56:31 GMT+0100 (CET);1574765791000;1.94;504.31;12.66
1380556833750641;2.5;37.4;Tue Nov 26 2019 11:58:23 GMT+0100 (CET);Tue Nov 26 2019 10:58:23 GMT+0100 (CET);1574765903000;1.98;504.31;12.82
1380556833750641;2.5;37.1;Tue Nov 26 2019 12:00:16 GMT+0100 (CET);Tue Nov 26 2019 11:00:16 GMT+0100 (CET);1574766016000;1.96;494.07;13.05
1380556833750641;2.5;36.7;Tue Nov 26 2019 12:02:09 GMT+0100 (CET);Tue Nov 26 2019 11:02:09 GMT+0100 (CET);1574766129000;1.46;399.35;13.08
1380556833750641;2.5;36.3;Tue Nov 26 2019 12:04:32 GMT+0100 (CET);Tue Nov 26 2019 11:04:32 GMT+0100 (CET);1574766272000;1.12;269.14;12.77
1380556833750641;2.5;36.4;Tue Nov 26 2019 12:06:26 GMT+0100 (CET);Tue Nov 26 2019 11:06:26 GMT+0100 (CET);1574766386000;1.24;325.66;12.48
1380556833750641;2.5;37.5;Tue Nov 26 2019 12:08:19 GMT+0100 (CET);Tue Nov 26 2019 11:08:19 GMT+0100 (CET);1574766499000;1.82;458.23;12.49
1380556833750641;2.5;37;Tue Nov 26 2019 12:10:12 GMT+0100 (CET);Tue Nov 26 2019 11:10:12 GMT+0100 (CET);1574766612000;1.08;266.87;12.51
1380556833750641;2.5;37;Tue Nov 26 2019 12:12:06 GMT+0100 (CET);Tue Nov 26 2019 11:12:06 GMT+0100 (CET);1574766726000;1.04;239.51;12.25
1380556833750641;2.5;35.9;Tue Nov 26 2019 12:13:59 GMT+0100 (CET);Tue Nov 26 2019 11:13:59 GMT+0100 (CET);1574766839000;1.07;240.92;12.07
1380556833750641;2.5;35.4;Tue Nov 26 2019 12:15:52 GMT+0100 (CET);Tue Nov 26 2019 11:15:52 GMT+0100 (CET);1574766952000;0.99;221.69;11.83
1380556833750641;2.5;35.1;Tue Nov 26 2019 12:17:45 GMT+0100 (CET);Tue Nov 26 2019 11:17:45 GMT+0100 (CET);1574767065000;0.93;202.97;11.61
1380556833750641;0.5;34.8;Tue Nov 26 2019 12:19:58 GMT+0100 (CET);Tue Nov 26 2019 11:19:58 GMT+0100 (CET);1574767198000;0.83;177.65;11.47
1380556833750641;0.5;34.7;Tue Nov 26 2019 12:21:51 GMT+0100 (CET);Tue Nov 26 2019 11:21:51 GMT+0100 (CET);1574767311000;0.73;158.57;11.3